shipment_number,shipment_date,charge,raw_line,shipment_date_parsed
394183868992,13/10/2025,2.99,394183868992 13/10/2025 FedEx Priority 1 17.10 kg 2.99 0.00 2.99,2025-10-13
394183887862,13/10/2025,2.99,394183887862 13/10/2025 FedEx Priority 1 17.60 kg 2.99 0.00 2.99,2025-10-13
394183900668,13/10/2025,2.99,394183900668 13/10/2025 FedEx Priority 1 17.40 kg 2.99 0.00 2.99,2025-10-13
394183910246,13/10/2025,2.99,394183910246 13/10/2025 FedEx Priority 1 18.30 kg 2.99 0.00 2.99,2025-10-13
394183923474,13/10/2025,2.99,394183923474 13/10/2025 FedEx Priority 1 18.50 kg 2.99 0.00 2.99,2025-10-13
394183932229,13/10/2025,2.99,394183932229 13/10/2025 FedEx Priority 1 17.40 kg 2.99 0.00 2.99,2025-10-13
394183943730,13/10/2025,2.99,394183943730 13/10/2025 FedEx Priority 1 17.10 kg 2.99 0.00 2.99,2025-10-13
394183954451,13/10/2025,2.99,394183954451 13/10/2025 FedEx Priority 1 17.10 kg 2.99 0.00 2.99,2025-10-13
394183964198,13/10/2025,2.99,394183964198 13/10/2025 FedEx Priority 1 7.10 kg 2.99 0.00 2.99,2025-10-13
394183994786,13/10/2025,2.99,394183994786 13/10/2025 FedEx Priority 1 17.40 kg 2.99 0.00 2.99,2025-10-13
394184002560,13/10/2025,2.99,394184002560 13/10/2025 FedEx Priority 1 17.00 kg 2.99 0.00 2.99,2025-10-13
394184008568,13/10/2025,2.99,394184008568 13/10/2025 FedEx Priority 1 17.20 kg 2.99 0.00 2.99,2025-10-13
394184023400,13/10/2025,2.99,394184023400 13/10/2025 FedEx Priority 1 16.70 kg 2.99 0.00 2.99,2025-10-13
394184035712,13/10/2025,2.99,394184035712 13/10/2025 FedEx Priority 1 17.10 kg 2.99 0.00 2.99,2025-10-13
394184046499,13/10/2025,2.99,394184046499 13/10/2025 FedEx Priority 1 17.40 kg 2.99 0.00 2.99,2025-10-13
394184064903,13/10/2025,2.99,394184064903 13/10/2025 FedEx Priority Cop1 17.0y0 kg 2.99 0.00 2.99,2025-10-13
394184088510,13/10/2025,2.99,394184088510 13/10/2025 FedEx Priority 1 17.50 kg 2.99 0.00 2.99,2025-10-13
394184100537,13/10/2025,2.99,394184100537 13/10/2025 FedEx Priority 1 16.70 kg 2.99 0.00 2.99,2025-10-13
394184113342,13/10/2025,2.99,394184113342 13/10/2025 FedEx Priority 1 17.10 kg 2.99 0.00 2.99,2025-10-13
394184122391,13/10/2025,2.99,394184122391 13/10/2025 FedEx Priority 1 19.20 kg 2.99 0.00 2.99,2025-10-13
394184149906,13/10/2025,2.99,394184149906 13/10/2025 FedEx Priority 1 16.70 kg 2.99 0.00 2.99,2025-10-13
394184164766,13/10/2025,2.99,394184164766 13/10/2025 FedEx Priority 1 5.90 kg 2.99 0.00 2.99,2025-10-13
394184176119,13/10/2025,2.99,394184176119 13/10/2025 FedEx Priority 1 17.10 kg 2.99 0.00 2.99,2025-10-13
394184187675,13/10/2025,2.99,394184187675 13/10/2025 FedEx Priority 1 17.00 kg 2.99 0.00 2.99,2025-10-13
394184219295,13/10/2025,2.99,394184219295 13/10/2025 FedEx Priority 1 17.40 kg 2.99 0.00 2.99,2025-10-13
394184237515,13/10/2025,2.99,394184237515 13/10/2025 FedEx Priority 1 17.10 kg 2.99 0.00 2.99,2025-10-13
394184244804,13/10/2025,2.99,394184244804 13/10/2025 FedEx Priority 1 17.60 kg 2.99 0.00 2.99,2025-10-13
394184263990,13/10/2025,2.99,394184263990 13/10/2025 FedEx Priority Cop1 5.90y kg 2.99 0.00 2.99,2025-10-13
394184275229,13/10/2025,2.99,394184275229 13/10/2025 FedEx Priority 1 17.00 kg 2.99 0.00 2.99,2025-10-13
394184278434,13/10/2025,2.99,394184278434 13/10/2025 FedEx Priority 1 17.50 kg 2.99 0.00 2.99,2025-10-13
394184293320,13/10/2025,2.99,394184293320 13/10/2025 FedEx Priority 1 16.70 kg 2.99 0.00 2.99,2025-10-13
394184308990,13/10/2025,2.99,394184308990 13/10/2025 FedEx Priority 1 17.10 kg 2.99 0.00 2.99,2025-10-13
394184318589,13/10/2025,2.99,394184318589 13/10/2025 FedEx Priority 1 17.90 kg 2.99 0.00 2.99,2025-10-13
394184359144,13/10/2025,2.99,394184359144 13/10/2025 FedEx Priority 1 1.20 kg 2.99 0.00 2.99,2025-10-13
394184366694,13/10/2025,2.99,394184366694 13/10/2025 FedEx Priority 1 17.60 kg 2.99 0.00 2.99,2025-10-13
394185186539,13/10/2025,2.99,394185186539 13/10/2025 FedEx Priority 1 17.10 kg 2.99 0.00 2.99,2025-10-13
394185776203,13/10/2025,2.99,394185776203 13/10/2025 FedEx Priority 1 17.70 kg 2.99 0.00 2.99,2025-10-13
394189166040,13/10/2025,2.99,394189166040 13/10/2025 FedEx Priority 1 18.30 kg 2.99 0.00 2.99,2025-10-13
394192348340,13/10/2025,2.99,394192348340 13/10/2025 FedEx Priority 1 3.10 kg 2.99 0.00 2.99,2025-10-13
394192384500,13/10/2025,5.98,394192384500 13/10/2025 FedEx Priority Cop2 6.40y kg 5.98 0.00 5.98,2025-10-13
394192400978,13/10/2025,2.99,394192400978 13/10/2025 FedEx Priority 1 1.00 kg 2.99 0.00 2.99,2025-10-13
394192434623,13/10/2025,2.99,394192434623 13/10/2025 FedEx Priority 1 8.80 kg 2.99 0.00 2.99,2025-10-13
394192450641,13/10/2025,5.98,394192450641 13/10/2025 FedEx Priority 2 5.70 kg 5.98 0.00 5.98,2025-10-13
394192468345,13/10/2025,2.99,394192468345 13/10/2025 FedEx Priority 1 1.60 kg 2.99 0.00 2.99,2025-10-13
394192477821,13/10/2025,2.99,394192477821 13/10/2025 FedEx Priority 1 3.20 kg 2.99 0.00 2.99,2025-10-13
394192489148,13/10/2025,2.99,394192489148 13/10/2025 FedEx Priority 1 1.00 kg 2.99 0.00 2.99,2025-10-13
394192499675,13/10/2025,2.99,394192499675 13/10/2025 FedEx Priority 1 6.20 kg 2.99 0.00 2.99,2025-10-13
394192507699,13/10/2025,2.99,394192507699 13/10/2025 FedEx Priority 1 1.00 kg 2.99 0.00 2.99,2025-10-13
394192519074,13/10/2025,2.99,394192519074 13/10/2025 FedEx Priority 1 1.00 kg 2.99 0.00 2.99,2025-10-13
394192541709,13/10/2025,5.98,394192541709 13/10/2025 FedEx Priority 2 5.00 kg 5.98 0.00 5.98,2025-10-13
394192553654,13/10/2025,2.99,394192553654 13/10/2025 FedEx Priority 1 1.00 kg 2.99 0.00 2.99,2025-10-13
394192563883,13/10/2025,2.99,394192563883 13/10/2025 FedEx Priority 1 6.30 kg 2.99 0.00 2.99,2025-10-13
394192575177,13/10/2025,2.99,394192575177 13/10/2025 FedEx Priority 1 1.50 kg 2.99 0.00 2.99,2025-10-13
394192643818,13/10/2025,5.98,394192643818 13/10/2025 FedEx Priority 2 2.60 kg 5.98 0.00 5.98,2025-10-13
394192660979,13/10/2025,2.99,394192660979 13/10/2025 FedEx Priority 1 1.00 kg 2.99 0.00 2.99,2025-10-13
394192673670,13/10/2025,5.98,394192673670 13/10/2025 FedEx Priority 2 8.60 kg 5.98 0.00 5.98,2025-10-13
394192695550,13/10/2025,5.98,394192695550 13/10/2025 FedEx Priority 2 4.10 kg 5.98 0.00 5.98,2025-10-13
394192706128,13/10/2025,2.99,394192706128 13/10/2025 FedEx Priority 1 1.00 kg 2.99 0.00 2.99,2025-10-13
394192741612,13/10/2025,5.98,394192741612 13/10/2025 FedEx Priority 2 6.70 kg 5.98 0.00 5.98,2025-10-13
394192760560,13/10/2025,5.98,394192760560 13/10/2025 FedEx Priority 2 6.30 kg 5.98 0.00 5.98,2025-10-13
394193107341,13/10/2025,2.99,394193107341 13/10/2025 FedEx Priority 1 5.30 kg 2.99 0.00 2.99,2025-10-13
394193189032,13/10/2025,2.99,394193189032 13/10/2025 FedEx Priority 1 1.90 kg 2.99 0.00 2.99,2025-10-13
394193234598,13/10/2025,2.99,394193234598 13/10/2025 FedEx Priority 1 1.80 kg 2.99 0.00 2.99,2025-10-13
394193279744,13/10/2025,2.99,394193279744 13/10/2025 FedEx Priority 1 2.70 kg 2.99 0.00 2.99,2025-10-13
394193561935,13/10/2025,2.99,394193561935 13/10/2025 FedEx Priority 1 1.00 kg 2.99 0.00 2.99,2025-10-13
394193986002,13/10/2025,2.99,394193986002 13/10/2025 FedEx Priority 1 4.90 kg 2.99 0.00 2.99,2025-10-13
394194005125,13/10/2025,2.99,394194005125 13/10/2025 FedEx Priority 1 1.00 kg 2.99 0.00 2.99,2025-10-13
394194089584,13/10/2025,2.99,394194089584 13/10/2025 FedEx Priority 1 2.00 kg 2.99 0.00 2.99,2025-10-13
394194105919,13/10/2025,2.99,394194105919 13/10/2025 FedEx Priority 1 7.80 kg 2.99 0.00 2.99,2025-10-13
394194122771,13/10/2025,2.99,394194122771 13/10/2025 FedEx Priority 1 3.30 kg 2.99 0.00 2.99,2025-10-13
394194519445,13/10/2025,2.99,394194519445 13/10/2025 FedEx Priority 1 4.60 kg 2.99 0.00 2.99,2025-10-13
394194552320,13/10/2025,2.99,394194552320 13/10/2025 FedEx Priority 1 5.10 kg 2.99 0.00 2.99,2025-10-13
394194702228,13/10/2025,2.99,394194702228 13/10/2025 FedEx Priority 1 7.50 kg 2.99 0.00 2.99,2025-10-13
394194879655,13/10/2025,2.99,394194879655 13/10/2025 FedEx Priority 1 4.30 kg 2.99 0.00 2.99,2025-10-13
394194938029,13/10/2025,19.35,394194938029 13/10/2025 FedEx Priority 1 2.00 kg 19.35 0.00 19.35,2025-10-13
394195547029,13/10/2025,2.99,394195547029 13/10/2025 FedEx Priority 1 1.80 kg 2.99 0.00 2.99,2025-10-13
394195584273,13/10/2025,2.99,394195584273 13/10/2025 FedEx Priority 1 7.80 kg 2.99 0.00 2.99,2025-10-13
394195608881,13/10/2025,2.99,394195608881 13/10/2025 FedEx Priority 1 1.60 kg 2.99 0.00 2.99,2025-10-13
394195626446,13/10/2025,2.99,394195626446 13/10/2025 FedEx Priority 1 1.00 kg 2.99 0.00 2.99,2025-10-13
394195638406,13/10/2025,2.99,394195638406 13/10/2025 FedEx Priority 1 10.00 kg 2.99 0.00 2.99,2025-10-13
394196055431,13/10/2025,5.98,394196055431 13/10/2025 FedEx Priority 2 3.70 kg 5.98 0.00 5.98,2025-10-13
394196192976,13/10/2025,8.97,394196192976 13/10/2025 FedEx Priority 3 5.50 kg 8.97 0.00 8.97,2025-10-13
394196808622,13/10/2025,2.99,394196808622 13/10/2025 FedEx Priority 1 1.00 kg 2.99 0.00 2.99,2025-10-13
394196923956,13/10/2025,2.99,394196923956 13/10/2025 FedEx Priority 1 8.20 kg 2.99 0.00 2.99,2025-10-13
394196938205,13/10/2025,2.99,394196938205 13/10/2025 FedEx Priority 1 7.00 kg 2.99 0.00 2.99,2025-10-13
394197753191,13/10/2025,2.99,394197753191 13/10/2025 FedEx Priority 1 2.40 kg 2.99 0.00 2.99,2025-10-13
394197773723,13/10/2025,2.99,394197773723 13/10/2025 FedEx Priority 1 9.80 kg 2.99 0.00 2.99,2025-10-13
394198565715,13/10/2025,2.99,394198565715 13/10/2025 FedEx Priority 1 1.50 kg 2.99 0.00 2.99,2025-10-13
394198597798,13/10/2025,2.99,394198597798 13/10/2025 FedEx Priority 1 1.00 kg 2.99 0.00 2.99,2025-10-13
394199669087,13/10/2025,2.99,394199669087 13/10/2025 FedEx Priority 1 1.80 kg 2.99 0.00 2.99,2025-10-13
394199710077,13/10/2025,2.99,394199710077 13/10/2025 FedEx Priority 1 7.20 kg 2.99 0.00 2.99,2025-10-13
394201088528,13/10/2025,2.99,394201088528 13/10/2025 FedEx Priority 1 1.80 kg 2.99 0.00 2.99,2025-10-13
394201107148,13/10/2025,2.99,394201107148 13/10/2025 FedEx Priority 1 2.90 kg 2.99 0.00 2.99,2025-10-13
394201127470,13/10/2025,2.99,394201127470 13/10/2025 FedEx Priority 1 8.40 kg 2.99 0.00 2.99,2025-10-13
394201695022,13/10/2025,2.99,394201695022 13/10/2025 FedEx Priority 1 6.60 kg 2.99 0.00 2.99,2025-10-13
394201714617,13/10/2025,2.99,394201714617 13/10/2025 FedEx Priority 1 5.20 kg 2.99 0.00 2.99,2025-10-13
394201738901,13/10/2025,2.99,394201738901 13/10/2025 FedEx Priority 1 6.10 kg 2.99 0.00 2.99,2025-10-13
394201959342,13/10/2025,2.99,394201959342 13/10/2025 FedEx Priority 1 8.20 kg 2.99 0.00 2.99,2025-10-13
394202027165,13/10/2025,2.99,394202027165 13/10/2025 FedEx Priority 1 4.40 kg 2.99 0.00 2.99,2025-10-13
394202084780,13/10/2025,2.99,394202084780 13/10/2025 FedEx Priority 1 1.00 kg 2.99 0.00 2.99,2025-10-13
394202870307,13/10/2025,2.99,394202870307 13/10/2025 FedEx Priority 1 1.10 kg 2.99 0.00 2.99,2025-10-13
394192725741,14/10/2025,5.98,394192725741 14/10/2025 FedEx Priority 2 5.10 kg 5.98 0.00 5.98,2025-10-14
394232878116,14/10/2025,2.99,394232878116 14/10/2025 FedEx Priority 1 1.00 kg 2.99 0.00 2.99,2025-10-14
394232901909,14/10/2025,2.99,394232901909 14/10/2025 FedEx Priority 1 2.00 kg 2.99 0.00 2.99,2025-10-14
394232921679,14/10/2025,2.99,394232921679 14/10/2025 FedEx Priority 1 1.00 kg 2.99 0.00 2.99,2025-10-14
394232942520,14/10/2025,2.99,394232942520 14/10/2025 FedEx Priority 1 1.00 kg 2.99 0.00 2.99,2025-10-14
394232956950,14/10/2025,2.99,394232956950 14/10/2025 FedEx Priority 1 2.20 kg 2.99 0.00 2.99,2025-10-14
394232978440,14/10/2025,2.99,394232978440 14/10/2025 FedEx Priority 1 1.00 kg 2.99 0.00 2.99,2025-10-14
394232990462,14/10/2025,2.99,394232990462 14/10/2025 FedEx Priority 1 1.00 kg 2.99 0.00 2.99,2025-10-14
394233008353,14/10/2025,2.99,394233008353 14/10/2025 FedEx Priority 1 1.50 kg 2.99 0.00 2.99,2025-10-14
394233021523,14/10/2025,2.99,394233021523 14/10/2025 FedEx Priority 1 1.00 kg 2.99 0.00 2.99,2025-10-14
394233031947,14/10/2025,2.99,394233031947 14/10/2025 FedEx Priority 1 8.60 kg 2.99 0.00 2.99,2025-10-14
394233069193,14/10/2025,2.99,394233069193 14/10/2025 FedEx Priority 1 4.80 kg 2.99 0.00 2.99,2025-10-14
394233093670,14/10/2025,2.99,394233093670 14/10/2025 FedEx Priority 1 1.00 kg 2.99 0.00 2.99,2025-10-14
394233107599,14/10/2025,2.99,394233107599 14/10/2025 FedEx Priority 1 11.30 kg 2.99 0.00 2.99,2025-10-14
394233443481,14/10/2025,2.99,394233443481 14/10/2025 FedEx Priority 1 1.00 kg 2.99 0.00 2.99,2025-10-14
394233481151,14/10/2025,2.99,394233481151 14/10/2025 FedEx Priority 1 11.00 kg 2.99 0.00 2.99,2025-10-14
394234739370,14/10/2025,2.99,394234739370 14/10/2025 FedEx Priority 1 1.00 kg 2.99 0.00 2.99,2025-10-14
394234772747,14/10/2025,2.99,394234772747 14/10/2025 FedEx Priority 1 1.00 kg 2.99 0.00 2.99,2025-10-14
394234792290,14/10/2025,2.99,394234792290 14/10/2025 FedEx Priority 1 1.00 kg 2.99 0.00 2.99,2025-10-14
394235264215,14/10/2025,2.99,394235264215 14/10/2025 FedEx Priority 1 1.00 kg 2.99 0.00 2.99,2025-10-14
394235284066,14/10/2025,2.99,394235284066 14/10/2025 FedEx Priority 1 4.90 kg 2.99 0.00 2.99,2025-10-14
394235299540,14/10/2025,2.99,394235299540 14/10/2025 FedEx Priority 1 2.00 kg 2.99 0.00 2.99,2025-10-14
394235394861,14/10/2025,2.99,394235394861 14/10/2025 FedEx Priority 1 1.00 kg 2.99 0.00 2.99,2025-10-14
394236489092,14/10/2025,2.99,394236489092 14/10/2025 FedEx Priority 1 5.60 kg 2.99 0.00 2.99,2025-10-14
394236537672,14/10/2025,2.99,394236537672 14/10/2025 FedEx Priority 1 1.00 kg 2.99 0.00 2.99,2025-10-14
394236564687,14/10/2025,2.99,394236564687 14/10/2025 FedEx Priority 1 5.30 kg 2.99 0.00 2.99,2025-10-14
394236588993,14/10/2025,2.99,394236588993 14/10/2025 FedEx Priority 1 1.80 kg 2.99 0.00 2.99,2025-10-14
394236607786,14/10/2025,2.99,394236607786 14/10/2025 FedEx Priority 1 4.50 kg 2.99 0.00 2.99,2025-10-14
394238904343,14/10/2025,2.99,394238904343 14/10/2025 FedEx Priority 1 1.00 kg 2.99 0.00 2.99,2025-10-14
394238923740,14/10/2025,2.99,394238923740 14/10/2025 FedEx Priority 1 1.00 kg 2.99 0.00 2.99,2025-10-14
394238991055,14/10/2025,2.99,394238991055 14/10/2025 FedEx Priority 1 2.00 kg 2.99 0.00 2.99,2025-10-14
394239014162,14/10/2025,2.99,394239014162 14/10/2025 FedEx Priority 1 1.00 kg 2.99 0.00 2.99,2025-10-14
394239035035,14/10/2025,2.99,394239035035 14/10/2025 FedEx Priority 1 1.00 kg 2.99 0.00 2.99,2025-10-14
394239062727,14/10/2025,2.99,394239062727 14/10/2025 FedEx Priority 1 1.00 kg 2.99 0.00 2.99,2025-10-14
394239083574,14/10/2025,2.99,394239083574 14/10/2025 FedEx Priority 1 1.00 kg 2.99 0.00 2.99,2025-10-14
394240273436,14/10/2025,2.99,394240273436 14/10/2025 FedEx Priority 1 1.40 kg 2.99 0.00 2.99,2025-10-14
394240291940,14/10/2025,2.99,394240291940 14/10/2025 FedEx Priority 1 2.60 kg 2.99 0.00 2.99,2025-10-14
394240309614,14/10/2025,2.99,394240309614 14/10/2025 FedEx Priority 1 8.60 kg 2.99 0.00 2.99,2025-10-14
394240331260,14/10/2025,2.99,394240331260 14/10/2025 FedEx Priority 1 1.00 kg 2.99 0.00 2.99,2025-10-14
394240351261,14/10/2025,2.99,394240351261 14/10/2025 FedEx Priority 1 2.50 kg 2.99 0.00 2.99,2025-10-14
394240369995,14/10/2025,2.99,394240369995 14/10/2025 FedEx Priority 1 1.00 kg 2.99 0.00 2.99,2025-10-14
394240904067,14/10/2025,2.99,394240904067 14/10/2025 FedEx Priority 1 2.00 kg 2.99 0.00 2.99,2025-10-14
394240946100,14/10/2025,2.99,394240946100 14/10/2025 FedEx Priority 1 1.00 kg 2.99 0.00 2.99,2025-10-14
394240962644,14/10/2025,2.99,394240962644 14/10/2025 FedEx Priority 1 1.00 kg 2.99 0.00 2.99,2025-10-14
394243402585,14/10/2025,2.99,394243402585 14/10/2025 FedEx Priority 1 2.40 kg 2.99 0.00 2.99,2025-10-14
394243426078,14/10/2025,2.99,394243426078 14/10/2025 FedEx Priority 1 1.00 kg 2.99 0.00 2.99,2025-10-14
394243444802,14/10/2025,2.99,394243444802 14/10/2025 FedEx Priority 1 1.00 kg 2.99 0.00 2.99,2025-10-14
394243512431,14/10/2025,2.99,394243512431 14/10/2025 FedEx Priority 1 1.00 kg 2.99 0.00 2.99,2025-10-14
394243535888,14/10/2025,2.99,394243535888 14/10/2025 FedEx Priority 1 1.60 kg 2.99 0.00 2.99,2025-10-14
394243579111,14/10/2025,2.99,394243579111 14/10/2025 FedEx Priority 1 2.90 kg 2.99 0.00 2.99,2025-10-14
394243604068,14/10/2025,2.99,394243604068 14/10/2025 FedEx Priority 1 1.00 kg 2.99 0.00 2.99,2025-10-14
394243627117,14/10/2025,2.99,394243627117 14/10/2025 FedEx Priority 1 2.80 kg 2.99 0.00 2.99,2025-10-14
394243643547,14/10/2025,2.99,394243643547 14/10/2025 FedEx Priority 1 2.80 kg 2.99 0.00 2.99,2025-10-14
394243670827,14/10/2025,2.99,394243670827 14/10/2025 FedEx Priority 1 1.00 kg 2.99 0.00 2.99,2025-10-14
394243692902,14/10/2025,2.99,394243692902 14/10/2025 FedEx Priority 1 1.00 kg 2.99 0.00 2.99,2025-10-14
394243723011,14/10/2025,2.99,394243723011 14/10/2025 FedEx Priority 1 1.20 kg 2.99 0.00 2.99,2025-10-14
394243742267,14/10/2025,2.99,394243742267 14/10/2025 FedEx Priority 1 1.50 kg 2.99 0.00 2.99,2025-10-14
394243807084,14/10/2025,2.99,394243807084 14/10/2025 FedEx Priority 1 1.00 kg 2.99 0.00 2.99,2025-10-14
394243844538,14/10/2025,2.99,394243844538 14/10/2025 FedEx Priority 1 1.00 kg 2.99 0.00 2.99,2025-10-14
394243867219,14/10/2025,2.99,394243867219 14/10/2025 FedEx Priority 1 4.20 kg 2.99 0.00 2.99,2025-10-14
394243951955,14/10/2025,2.99,394243951955 14/10/2025 FedEx Priority 1 4.00 kg 2.99 0.00 2.99,2025-10-14
394244459282,14/10/2025,2.99,394244459282 14/10/2025 FedEx Priority 1 1.00 kg 2.99 0.00 2.99,2025-10-14
394245420863,14/10/2025,19.35,394245420863 14/10/2025 FedEx Priority 1 11.50 kg 19.35 0.00 19.35,2025-10-14
394245443176,14/10/2025,2.99,394245443176 14/10/2025 FedEx Priority 1 11.70 kg 2.99 0.00 2.99,2025-10-14
394245468353,14/10/2025,2.99,394245468353 14/10/2025 FedEx Priority 1 8.00 kg 2.99 0.00 2.99,2025-10-14
394245553504,14/10/2025,2.99,394245553504 14/10/2025 FedEx Priority 1 1.00 kg 2.99 0.00 2.99,2025-10-14
394245576696,14/10/2025,2.99,394245576696 14/10/2025 FedEx Priority 1 1.80 kg 2.99 0.00 2.99,2025-10-14
394245592800,14/10/2025,2.99,394245592800 14/10/2025 FedEx Priority 1 1.00 kg 2.99 0.00 2.99,2025-10-14
394245630013,14/10/2025,2.99,394245630013 14/10/2025 FedEx Priority 1 4.30 kg 2.99 0.00 2.99,2025-10-14
394245646917,14/10/2025,2.99,394245646917 14/10/2025 FedEx Priority 1 2.10 kg 2.99 0.00 2.99,2025-10-14
394245668863,14/10/2025,2.99,394245668863 14/10/2025 FedEx Priority 1 1.00 kg 2.99 0.00 2.99,2025-10-14
394245693989,14/10/2025,2.99,394245693989 14/10/2025 FedEx Priority 1 7.40 kg 2.99 0.00 2.99,2025-10-14
394245710014,14/10/2025,2.99,394245710014 14/10/2025 FedEx Priority 1 2.70 kg 2.99 0.00 2.99,2025-10-14
394245732821,14/10/2025,2.99,394245732821 14/10/2025 FedEx Priority 1 2.00 kg 2.99 0.00 2.99,2025-10-14
394246219091,14/10/2025,2.99,394246219091 14/10/2025 FedEx Priority 1 1.60 kg 2.99 0.00 2.99,2025-10-14
394246236944,14/10/2025,2.99,394246236944 14/10/2025 FedEx Priority 1 1.00 kg 2.99 0.00 2.99,2025-10-14
394247093003,14/10/2025,2.99,394247093003 14/10/2025 FedEx Priority 1 2.00 kg 2.99 0.00 2.99,2025-10-14
394247127612,14/10/2025,2.99,394247127612 14/10/2025 FedEx Priority 1 3.20 kg 2.99 0.00 2.99,2025-10-14
394247143733,14/10/2025,2.99,394247143733 14/10/2025 FedEx Priority 1 6.50 kg 2.99 0.00 2.99,2025-10-14
394247163507,14/10/2025,2.99,394247163507 14/10/2025 FedEx Priority 1 1.80 kg 2.99 0.00 2.99,2025-10-14
394247185409,14/10/2025,2.99,394247185409 14/10/2025 FedEx Priority 1 2.90 kg 2.99 0.00 2.99,2025-10-14
394247202622,14/10/2025,2.99,394247202622 14/10/2025 FedEx Priority 1 2.00 kg 2.99 0.00 2.99,2025-10-14
394247226398,14/10/2025,2.99,394247226398 14/10/2025 FedEx Priority 1 1.70 kg 2.99 0.00 2.99,2025-10-14
394247245739,14/10/2025,2.99,394247245739 14/10/2025 FedEx Priority 1 1.00 kg 2.99 0.00 2.99,2025-10-14
394247261069,14/10/2025,2.99,394247261069 14/10/2025 FedEx Priority 1 13.60 kg 2.99 0.00 2.99,2025-10-14
394247757276,14/10/2025,2.99,394247757276 14/10/2025 FedEx Priority 1 1.00 kg 2.99 0.00 2.99,2025-10-14
394247774474,14/10/2025,2.99,394247774474 14/10/2025 FedEx Priority 1 2.70 kg 2.99 0.00 2.99,2025-10-14
394247792852,14/10/2025,2.99,394247792852 14/10/2025 FedEx Priority 1 2.00 kg 2.99 0.00 2.99,2025-10-14
394247812994,14/10/2025,2.99,394247812994 14/10/2025 FedEx Priority 1 1.00 kg 2.99 0.00 2.99,2025-10-14
394248337567,14/10/2025,2.99,394248337567 14/10/2025 FedEx Priority 1 2.00 kg 2.99 0.00 2.99,2025-10-14
394248363439,14/10/2025,2.99,394248363439 14/10/2025 FedEx Priority 1 4.60 kg 2.99 0.00 2.99,2025-10-14
394248380648,14/10/2025,2.99,394248380648 14/10/2025 FedEx Priority 1 7.30 kg 2.99 0.00 2.99,2025-10-14
394248393291,14/10/2025,2.99,394248393291 14/10/2025 FedEx Priority 1 7.50 kg 2.99 0.00 2.99,2025-10-14
394248413676,14/10/2025,2.99,394248413676 14/10/2025 FedEx Priority 1 1.00 kg 2.99 0.00 2.99,2025-10-14
394248428760,14/10/2025,2.99,394248428760 14/10/2025 FedEx Priority 1 7.60 kg 2.99 0.00 2.99,2025-10-14
394249405983,14/10/2025,2.99,394249405983 14/10/2025 FedEx Priority 1 5.30 kg 2.99 0.00 2.99,2025-10-14
394249424511,14/10/2025,2.99,394249424511 14/10/2025 FedEx Priority 1 1.00 kg 2.99 0.00 2.99,2025-10-14
394249445623,14/10/2025,2.99,394249445623 14/10/2025 FedEx Priority 1 1.00 kg 2.99 0.00 2.99,2025-10-14
394250120051,14/10/2025,2.99,394250120051 14/10/2025 FedEx Priority 1 1.00 kg 2.99 0.00 2.99,2025-10-14
394250433255,14/10/2025,2.99,394250433255 14/10/2025 FedEx Priority 1 1.00 kg 2.99 0.00 2.99,2025-10-14
394276761974,15/10/2025,2.99,394276761974 15/10/2025 FedEx Priority 1 5.20 kg 2.99 0.00 2.99,2025-10-15
394276787404,15/10/2025,2.99,394276787404 15/10/2025 FedEx Priority 1 3.60 kg 2.99 0.00 2.99,2025-10-15
394276802842,15/10/2025,2.99,394276802842 15/10/2025 FedEx Priority 1 7.30 kg 2.99 0.00 2.99,2025-10-15
394276828897,15/10/2025,2.99,394276828897 15/10/2025 FedEx Priority 1 7.70 kg 2.99 0.00 2.99,2025-10-15
394276855846,15/10/2025,2.99,394276855846 15/10/2025 FedEx Priority 1 8.50 kg 2.99 0.00 2.99,2025-10-15
394276872530,15/10/2025,2.99,394276872530 15/10/2025 FedEx Priority 1 1.00 kg 2.99 0.00 2.99,2025-10-15
394276891671,15/10/2025,2.99,394276891671 15/10/2025 FedEx Priority 1 5.60 kg 2.99 0.00 2.99,2025-10-15
394276911714,15/10/2025,2.99,394276911714 15/10/2025 FedEx Priority 1 3.70 kg 2.99 0.00 2.99,2025-10-15
394276923979,15/10/2025,2.99,394276923979 15/10/2025 FedEx Priority 1 1.00 kg 2.99 0.00 2.99,2025-10-15
394276931602,15/10/2025,2.99,394276931602 15/10/2025 FedEx Priority 1 1.00 kg 2.99 0.00 2.99,2025-10-15
394276943890,15/10/2025,2.99,394276943890 15/10/2025 FedEx Priority 1 8.20 kg 2.99 0.00 2.99,2025-10-15
394277036135,15/10/2025,2.99,394277036135 15/10/2025 FedEx Priority 1 1.20 kg 2.99 0.00 2.99,2025-10-15
394277047110,15/10/2025,2.99,394277047110 15/10/2025 FedEx Priority 1 1.40 kg 2.99 0.00 2.99,2025-10-15
394277058162,15/10/2025,2.99,394277058162 15/10/2025 FedEx Priority 1 1.00 kg 2.99 0.00 2.99,2025-10-15
394277068807,15/10/2025,2.99,394277068807 15/10/2025 FedEx Priority 1 1.00 kg 2.99 0.00 2.99,2025-10-15
394277085751,15/10/2025,2.99,394277085751 15/10/2025 FedEx Priority 1 1.00 kg 2.99 0.00 2.99,2025-10-15
394277099195,15/10/2025,2.99,394277099195 15/10/2025 FedEx Priority 1 1.70 kg 2.99 0.00 2.99,2025-10-15
394278470881,15/10/2025,2.99,394278470881 15/10/2025 FedEx Priority 1 1.10 kg 2.99 0.00 2.99,2025-10-15
394278489560,15/10/2025,2.99,394278489560 15/10/2025 FedEx Priority 1 1.80 kg 2.99 0.00 2.99,2025-10-15
394278504368,15/10/2025,2.99,394278504368 15/10/2025 FedEx Priority 1 1.00 kg 2.99 0.00 2.99,2025-10-15
394278523400,15/10/2025,2.99,394278523400 15/10/2025 FedEx Priority 1 7.30 kg 2.99 0.00 2.99,2025-10-15
394278537680,15/10/2025,2.99,394278537680 15/10/2025 FedEx Priority 1 9.30 kg 2.99 0.00 2.99,2025-10-15
394279322335,15/10/2025,2.99,394279322335 15/10/2025 FedEx Priority 1 1.00 kg 2.99 0.00 2.99,2025-10-15
394279337853,15/10/2025,2.99,394279337853 15/10/2025 FedEx Priority 1 1.00 kg 2.99 0.00 2.99,2025-10-15
394279353264,15/10/2025,2.99,394279353264 15/10/2025 FedEx Priority 1 2.70 kg 2.99 0.00 2.99,2025-10-15
394279404784,15/10/2025,2.99,394279404784 15/10/2025 FedEx Priority 1 6.40 kg 2.99 0.00 2.99,2025-10-15
394279423687,15/10/2025,2.99,394279423687 15/10/2025 FedEx Priority 1 4.90 kg 2.99 0.00 2.99,2025-10-15
394279442649,15/10/2025,2.99,394279442649 15/10/2025 FedEx Priority 1 1.60 kg 2.99 0.00 2.99,2025-10-15
394279458442,15/10/2025,2.99,394279458442 15/10/2025 FedEx Priority 1 6.20 kg 2.99 0.00 2.99,2025-10-15
394280294910,15/10/2025,2.99,394280294910 15/10/2025 FedEx Priority 1 6.60 kg 2.99 0.00 2.99,2025-10-15
394280313091,15/10/2025,2.99,394280313091 15/10/2025 FedEx Priority 1 1.00 kg 2.99 0.00 2.99,2025-10-15
394281181497,15/10/2025,2.99,394281181497 15/10/2025 FedEx Priority 1 1.00 kg 2.99 0.00 2.99,2025-10-15
394281196412,15/10/2025,2.99,394281196412 15/10/2025 FedEx Priority 1 2.10 kg 2.99 0.00 2.99,2025-10-15
394281213371,15/10/2025,2.99,394281213371 15/10/2025 FedEx Priority 1 4.90 kg 2.99 0.00 2.99,2025-10-15
394281224210,15/10/2025,2.99,394281224210 15/10/2025 FedEx Priority 1 1.60 kg 2.99 0.00 2.99,2025-10-15
394281245425,15/10/2025,2.99,394281245425 15/10/2025 FedEx Priority 1 4.60 kg 2.99 0.00 2.99,2025-10-15
394281265335,15/10/2025,2.99,394281265335 15/10/2025 FedEx Priority 1 5.10 kg 2.99 0.00 2.99,2025-10-15
394282628165,15/10/2025,2.99,394282628165 15/10/2025 FedEx Priority 1 1.40 kg 2.99 0.00 2.99,2025-10-15
394282646808,15/10/2025,2.99,394282646808 15/10/2025 FedEx Priority 1 1.00 kg 2.99 0.00 2.99,2025-10-15
394282678582,15/10/2025,2.99,394282678582 15/10/2025 FedEx Priority 1 8.50 kg 2.99 0.00 2.99,2025-10-15
394282693207,15/10/2025,2.99,394282693207 15/10/2025 FedEx Priority 1 4.10 kg 2.99 0.00 2.99,2025-10-15
394282704918,15/10/2025,2.99,394282704918 15/10/2025 FedEx Priority 1 4.30 kg 2.99 0.00 2.99,2025-10-15
394282728179,15/10/2025,2.99,394282728179 15/10/2025 FedEx Priority 1 1.60 kg 2.99 0.00 2.99,2025-10-15
394282748527,15/10/2025,2.99,394282748527 15/10/2025 FedEx Priority 1 1.40 kg 2.99 0.00 2.99,2025-10-15
394282765130,15/10/2025,2.99,394282765130 15/10/2025 FedEx Priority 1 1.00 kg 2.99 0.00 2.99,2025-10-15
394282782420,15/10/2025,2.99,394282782420 15/10/2025 FedEx Priority 1 3.80 kg 2.99 0.00 2.99,2025-10-15
394282798360,15/10/2025,2.99,394282798360 15/10/2025 FedEx Priority 1 2.90 kg 2.99 0.00 2.99,2025-10-15
394282813720,15/10/2025,2.99,394282813720 15/10/2025 FedEx Priority 1 1.50 kg 2.99 0.00 2.99,2025-10-15
394282877250,15/10/2025,2.99,394282877250 15/10/2025 FedEx Priority 1 1.10 kg 2.99 0.00 2.99,2025-10-15
394282900230,15/10/2025,2.99,394282900230 15/10/2025 FedEx Priority 1 5.50 kg 2.99 0.00 2.99,2025-10-15
394282914178,15/10/2025,2.99,394282914178 15/10/2025 FedEx Priority 1 1.00 kg 2.99 0.00 2.99,2025-10-15
394282931777,15/10/2025,2.99,394282931777 15/10/2025 FedEx Priority 1 4.10 kg 2.99 0.00 2.99,2025-10-15
394282949643,15/10/2025,2.99,394282949643 15/10/2025 FedEx Priority 1 4.90 kg 2.99 0.00 2.99,2025-10-15
394282967491,15/10/2025,2.99,394282967491 15/10/2025 FedEx Priority 1 1.60 kg 2.99 0.00 2.99,2025-10-15
394282987380,15/10/2025,2.99,394282987380 15/10/2025 FedEx Priority 1 3.70 kg 2.99 0.00 2.99,2025-10-15
394283021080,15/10/2025,2.99,394283021080 15/10/2025 FedEx Priority 1 14.00 kg 2.99 0.00 2.99,2025-10-15
394283038795,15/10/2025,2.99,394283038795 15/10/2025 FedEx Priority 1 5.20 kg 2.99 0.00 2.99,2025-10-15
394283062274,15/10/2025,2.99,394283062274 15/10/2025 FedEx Priority 1 3.10 kg 2.99 0.00 2.99,2025-10-15
394283077049,15/10/2025,2.99,394283077049 15/10/2025 FedEx Priority 1 1.10 kg 2.99 0.00 2.99,2025-10-15
394283093538,15/10/2025,2.99,394283093538 15/10/2025 FedEx Priority 1 4.10 kg 2.99 0.00 2.99,2025-10-15
394283109070,15/10/2025,2.99,394283109070 15/10/2025 FedEx Priority 1 1.00 kg 2.99 0.00 2.99,2025-10-15
394283125147,15/10/2025,2.99,394283125147 15/10/2025 FedEx Priority 1 3.30 kg 2.99 0.00 2.99,2025-10-15
394283410852,15/10/2025,2.99,394283410852 15/10/2025 FedEx Priority 1 4.90 kg 2.99 0.00 2.99,2025-10-15
394283425373,15/10/2025,2.99,394283425373 15/10/2025 FedEx Priority 1 1.60 kg 2.99 0.00 2.99,2025-10-15
394283852507,15/10/2025,2.99,394283852507 15/10/2025 FedEx Priority 1 2.10 kg 2.99 0.00 2.99,2025-10-15
394283874166,15/10/2025,2.99,394283874166 15/10/2025 FedEx Priority 1 6.70 kg 2.99 0.00 2.99,2025-10-15
394284375062,15/10/2025,2.99,394284375062 15/10/2025 FedEx Priority 1 10.20 kg 2.99 0.00 2.99,2025-10-15
394284393933,15/10/2025,2.99,394284393933 15/10/2025 FedEx Priority 1 5.90 kg 2.99 0.00 2.99,2025-10-15
394284416489,15/10/2025,2.99,394284416489 15/10/2025 FedEx Priority 1 4.70 kg 2.99 0.00 2.99,2025-10-15
394287033457,15/10/2025,2.99,394287033457 15/10/2025 FedEx Priority 1 7.50 kg 2.99 0.00 2.99,2025-10-15
394287045027,15/10/2025,2.99,394287045027 15/10/2025 FedEx Priority 1 3.50 kg 2.99 0.00 2.99,2025-10-15
394287068440,15/10/2025,2.99,394287068440 15/10/2025 FedEx Priority 1 1.40 kg 2.99 0.00 2.99,2025-10-15
394287087994,15/10/2025,2.99,394287087994 15/10/2025 FedEx Priority 1 1.80 kg 2.99 0.00 2.99,2025-10-15
394287107680,15/10/2025,2.99,394287107680 15/10/2025 FedEx Priority 1 4.80 kg 2.99 0.00 2.99,2025-10-15
394287125495,15/10/2025,2.99,394287125495 15/10/2025 FedEx Priority Cop1 1.00y kg 2.99 0.00 2.99,2025-10-15
394287143369,15/10/2025,2.99,394287143369 15/10/2025 FedEx Priority 1 2.00 kg 2.99 0.00 2.99,2025-10-15
394287156509,15/10/2025,2.99,394287156509 15/10/2025 FedEx Priority 1 3.60 kg 2.99 0.00 2.99,2025-10-15
394287171336,15/10/2025,2.99,394287171336 15/10/2025 FedEx Priority 1 3.70 kg 2.99 0.00 2.99,2025-10-15
394287188169,15/10/2025,2.99,394287188169 15/10/2025 FedEx Priority 1 4.50 kg 2.99 0.00 2.99,2025-10-15
394287201582,15/10/2025,2.99,394287201582 15/10/2025 FedEx Priority 1 3.50 kg 2.99 0.00 2.99,2025-10-15
394287218224,15/10/2025,2.99,394287218224 15/10/2025 FedEx Priority 1 12.00 kg 2.99 0.00 2.99,2025-10-15
394287231520,15/10/2025,2.99,394287231520 15/10/2025 FedEx Priority 1 1.10 kg 2.99 0.00 2.99,2025-10-15
394287256762,15/10/2025,2.99,394287256762 15/10/2025 FedEx Priority 1 1.80 kg 2.99 0.00 2.99,2025-10-15
394287272471,15/10/2025,2.99,394287272471 15/10/2025 FedEx Priority 1 8.40 kg 2.99 0.00 2.99,2025-10-15
394287288172,15/10/2025,2.99,394287288172 15/10/2025 FedEx Priority 1 1.20 kg 2.99 0.00 2.99,2025-10-15
394287306495,15/10/2025,2.99,394287306495 15/10/2025 FedEx Priority 1 9.10 kg 2.99 0.00 2.99,2025-10-15
394287494195,15/10/2025,2.99,394287494195 15/10/2025 FedEx Priority Cop1 5.60y kg 2.99 0.00 2.99,2025-10-15
394287510872,15/10/2025,2.99,394287510872 15/10/2025 FedEx Priority 1 5.70 kg 2.99 0.00 2.99,2025-10-15
394288247135,15/10/2025,2.99,394288247135 15/10/2025 FedEx Priority 1 11.70 kg 2.99 0.00 2.99,2025-10-15
394288363432,15/10/2025,2.99,394288363432 15/10/2025 FedEx Priority 1 2.60 kg 2.99 0.00 2.99,2025-10-15
394288376627,15/10/2025,2.99,394288376627 15/10/2025 FedEx Priority 1 1.30 kg 2.99 0.00 2.99,2025-10-15
394288399320,15/10/2025,2.99,394288399320 15/10/2025 FedEx Priority 1 2.90 kg 2.99 0.00 2.99,2025-10-15
394288416679,15/10/2025,2.99,394288416679 15/10/2025 FedEx Priority 1 2.00 kg 2.99 0.00 2.99,2025-10-15
394288430466,15/10/2025,2.99,394288430466 15/10/2025 FedEx Priority 1 3.80 kg 2.99 0.00 2.99,2025-10-15
394288444175,15/10/2025,2.99,394288444175 15/10/2025 FedEx Priority 1 1.00 kg 2.99 0.00 2.99,2025-10-15
394288461969,15/10/2025,2.99,394288461969 15/10/2025 FedEx Priority 1 3.80 kg 2.99 0.00 2.99,2025-10-15
394288594492,15/10/2025,2.99,394288594492 15/10/2025 FedEx Priority 1 5.10 kg 2.99 0.00 2.99,2025-10-15
394289587556,15/10/2025,2.99,394289587556 15/10/2025 FedEx Priority 1 1.70 kg 2.99 0.00 2.99,2025-10-15
394290138940,15/10/2025,2.99,394290138940 15/10/2025 FedEx Priority 1 10.20 kg 2.99 0.00 2.99,2025-10-15
394290162327,15/10/2025,2.99,394290162327 15/10/2025 FedEx Priority 1 6.70 kg 2.99 0.00 2.99,2025-10-15
394290225542,15/10/2025,2.99,394290225542 15/10/2025 FedEx Priority 1 5.10 kg 2.99 0.00 2.99,2025-10-15
394290755505,15/10/2025,2.99,394290755505 15/10/2025 FedEx Priority 1 7.60 kg 2.99 0.00 2.99,2025-10-15
394291694366,15/10/2025,2.99,394291694366 15/10/2025 FedEx Priority 1 6.50 kg 2.99 0.00 2.99,2025-10-15
394291712130,15/10/2025,2.99,394291712130 15/10/2025 FedEx Priority 1 1.00 kg 2.99 0.00 2.99,2025-10-15
394291727236,15/10/2025,2.99,394291727236 15/10/2025 FedEx Priority 1 1.80 kg 2.99 0.00 2.99,2025-10-15
394291742773,15/10/2025,2.99,394291742773 15/10/2025 FedEx Priority 1 4.70 kg 2.99 0.00 2.99,2025-10-15
394291762087,15/10/2025,2.99,394291762087 15/10/2025 FedEx Priority 1 1.20 kg 2.99 0.00 2.99,2025-10-15
394291882302,15/10/2025,2.99,394291882302 15/10/2025 FedEx Priority 1 3.70 kg 2.99 0.00 2.99,2025-10-15
394292367176,15/10/2025,2.99,394292367176 15/10/2025 FedEx Priority 1 7.20 kg 2.99 0.00 2.99,2025-10-15
394292382463,15/10/2025,2.99,394292382463 15/10/2025 FedEx Priority 1 6.10 kg 2.99 0.00 2.99,2025-10-15
394323422187,16/10/2025,2.99,394323422187 16/10/2025 FedEx Priority 1 16.00 kg 2.99 0.00 2.99,2025-10-16
394323430634,16/10/2025,2.99,394323430634 16/10/2025 FedEx Priority Cop1 17.0y0 kg 2.99 0.00 2.99,2025-10-16
394323435831,16/10/2025,2.99,394323435831 16/10/2025 FedEx Priority 1 17.90 kg 2.99 0.00 2.99,2025-10-16
394323445063,16/10/2025,2.99,394323445063 16/10/2025 FedEx Priority 1 17.10 kg 2.99 0.00 2.99,2025-10-16
394323449562,16/10/2025,2.99,394323449562 16/10/2025 FedEx Priority 1 17.00 kg 2.99 0.00 2.99,2025-10-16
394323454230,16/10/2025,2.99,394323454230 16/10/2025 FedEx Priority 1 17.00 kg 2.99 0.00 2.99,2025-10-16
394323459416,16/10/2025,2.99,394323459416 16/10/2025 FedEx Priority 1 17.20 kg 2.99 0.00 2.99,2025-10-16
394323465606,16/10/2025,2.99,394323465606 16/10/2025 FedEx Priority 1 17.40 kg 2.99 0.00 2.99,2025-10-16
394323476246,16/10/2025,2.99,394323476246 16/10/2025 FedEx Priority 1 17.80 kg 2.99 0.00 2.99,2025-10-16
394324849489,16/10/2025,2.99,394324849489 16/10/2025 FedEx Priority 1 15.20 kg 2.99 0.00 2.99,2025-10-16
394324944700,16/10/2025,2.99,394324944700 16/10/2025 FedEx Priority 1 3.90 kg 2.99 0.00 2.99,2025-10-16
394324960913,16/10/2025,2.99,394324960913 16/10/2025 FedEx Priority 1 1.60 kg 2.99 0.00 2.99,2025-10-16
394324975960,16/10/2025,2.99,394324975960 16/10/2025 FedEx Priority 1 6.00 kg 2.99 0.00 2.99,2025-10-16
394325055776,16/10/2025,2.99,394325055776 16/10/2025 FedEx Priority Cop1 2.20y kg 2.99 0.00 2.99,2025-10-16
394325071864,16/10/2025,2.99,394325071864 16/10/2025 FedEx Priority 1 4.00 kg 2.99 0.00 2.99,2025-10-16
394325081340,16/10/2025,2.99,394325081340 16/10/2025 FedEx Priority 1 4.10 kg 2.99 0.00 2.99,2025-10-16
394325089487,16/10/2025,2.99,394325089487 16/10/2025 FedEx Priority 1 2.10 kg 2.99 0.00 2.99,2025-10-16
394325130385,16/10/2025,2.99,394325130385 16/10/2025 FedEx Priority 1 7.50 kg 2.99 0.00 2.99,2025-10-16
394325134818,16/10/2025,2.99,394325134818 16/10/2025 FedEx Priority 1 3.40 kg 2.99 0.00 2.99,2025-10-16
394325151626,16/10/2025,2.99,394325151626 16/10/2025 FedEx Priority 1 2.10 kg 2.99 0.00 2.99,2025-10-16
394325173013,16/10/2025,2.99,394325173013 16/10/2025 FedEx Priority 1 3.40 kg 2.99 0.00 2.99,2025-10-16
394325189056,16/10/2025,2.99,394325189056 16/10/2025 FedEx Priority 1 1.30 kg 2.99 0.00 2.99,2025-10-16
394325194000,16/10/2025,2.99,394325194000 16/10/2025 FedEx Priority 1 4.00 kg 2.99 0.00 2.99,2025-10-16
394325204120,16/10/2025,2.99,394325204120 16/10/2025 FedEx Priority 1 1.60 kg 2.99 0.00 2.99,2025-10-16
394325226385,16/10/2025,2.99,394325226385 16/10/2025 FedEx Priority 1 1.00 kg 2.99 0.00 2.99,2025-10-16
394325231329,16/10/2025,2.99,394325231329 16/10/2025 FedEx Priority 1 2.00 kg 2.99 0.00 2.99,2025-10-16
394325249191,16/10/2025,2.99,394325249191 16/10/2025 FedEx Priority 1 3.60 kg 2.99 0.00 2.99,2025-10-16
394325253069,16/10/2025,2.99,394325253069 16/10/2025 FedEx Priority 1 1.00 kg 2.99 0.00 2.99,2025-10-16
394325277478,16/10/2025,2.99,394325277478 16/10/2025 FedEx Priority 1 1.40 kg 2.99 0.00 2.99,2025-10-16
394325292868,16/10/2025,2.99,394325292868 16/10/2025 FedEx Priority 1 3.40 kg 2.99 0.00 2.99,2025-10-16
394325352797,16/10/2025,2.99,394325352797 16/10/2025 FedEx Priority 1 9.00 kg 2.99 0.00 2.99,2025-10-16
394325359118,16/10/2025,2.99,394325359118 16/10/2025 FedEx Priority 1 3.20 kg 2.99 0.00 2.99,2025-10-16
394325376670,16/10/2025,2.99,394325376670 16/10/2025 FedEx Priority 1 2.90 kg 2.99 0.00 2.99,2025-10-16
394325392643,16/10/2025,2.99,394325392643 16/10/2025 FedEx Priority 1 3.90 kg 2.99 0.00 2.99,2025-10-16
394325405934,16/10/2025,2.99,394325405934 16/10/2025 FedEx Priority 1 1.70 kg 2.99 0.00 2.99,2025-10-16
394325417890,16/10/2025,2.99,394325417890 16/10/2025 FedEx Priority 1 1.30 kg 2.99 0.00 2.99,2025-10-16
394325428166,16/10/2025,2.99,394325428166 16/10/2025 FedEx Priority 1 4.90 kg 2.99 0.00 2.99,2025-10-16
394325433588,16/10/2025,2.99,394325433588 16/10/2025 FedEx Priority 1 1.20 kg 2.99 0.00 2.99,2025-10-16
394325480745,16/10/2025,2.99,394325480745 16/10/2025 FedEx Priority Cop1 4.20y kg 2.99 0.00 2.99,2025-10-16
394325495586,16/10/2025,2.99,394325495586 16/10/2025 FedEx Priority 1 1.60 kg 2.99 0.00 2.99,2025-10-16
394325529371,16/10/2025,2.99,394325529371 16/10/2025 FedEx Priority 1 5.90 kg 2.99 0.00 2.99,2025-10-16
394325583894,16/10/2025,2.99,394325583894 16/10/2025 FedEx Priority 1 17.00 kg 2.99 0.00 2.99,2025-10-16
394325658484,16/10/2025,2.99,394325658484 16/10/2025 FedEx Priority 1 5.60 kg 2.99 0.00 2.99,2025-10-16
394325670603,16/10/2025,2.99,394325670603 16/10/2025 FedEx Priority 1 17.00 kg 2.99 0.00 2.99,2025-10-16
394325894937,16/10/2025,2.99,394325894937 16/10/2025 FedEx Priority 1 7.30 kg 2.99 0.00 2.99,2025-10-16
394325898564,16/10/2025,2.99,394325898564 16/10/2025 FedEx Priority 1 4.40 kg 2.99 0.00 2.99,2025-10-16
394325925929,16/10/2025,2.99,394325925929 16/10/2025 FedEx Priority 1 4.00 kg 2.99 0.00 2.99,2025-10-16
394325928950,16/10/2025,2.99,394325928950 16/10/2025 FedEx Priority 1 2.80 kg 2.99 0.00 2.99,2025-10-16
394326026272,16/10/2025,2.99,394326026272 16/10/2025 FedEx Priority 1 5.60 kg 2.99 0.00 2.99,2025-10-16
394327078769,16/10/2025,2.99,394327078769 16/10/2025 FedEx Priority 1 9.90 kg 2.99 0.00 2.99,2025-10-16
394327085120,16/10/2025,2.99,394327085120 16/10/2025 FedEx Priority Cop1 2.40y kg 2.99 0.00 2.99,2025-10-16
394327089696,16/10/2025,2.99,394327089696 16/10/2025 FedEx Priority 1 1.00 kg 2.99 0.00 2.99,2025-10-16
394327099024,16/10/2025,2.99,394327099024 16/10/2025 FedEx Priority 1 5.20 kg 2.99 0.00 2.99,2025-10-16
394327103649,16/10/2025,2.99,394327103649 16/10/2025 FedEx Priority 1 6.20 kg 2.99 0.00 2.99,2025-10-16
394328888573,16/10/2025,2.99,394328888573 16/10/2025 FedEx Priority 1 6.60 kg 2.99 0.00 2.99,2025-10-16
394328895564,16/10/2025,2.99,394328895564 16/10/2025 FedEx Priority 1 2.70 kg 2.99 0.00 2.99,2025-10-16
394328901839,16/10/2025,2.99,394328901839 16/10/2025 FedEx Priority 1 5.80 kg 2.99 0.00 2.99,2025-10-16
394328908498,16/10/2025,2.99,394328908498 16/10/2025 FedEx Priority 1 2.00 kg 2.99 0.00 2.99,2025-10-16
394328918801,16/10/2025,2.99,394328918801 16/10/2025 FedEx Priority 1 5.60 kg 2.99 0.00 2.99,2025-10-16
394329052989,16/10/2025,2.99,394329052989 16/10/2025 FedEx Priority 1 5.80 kg 2.99 0.00 2.99,2025-10-16
394329058807,16/10/2025,2.99,394329058807 16/10/2025 FedEx Priority 1 13.10 kg 2.99 0.00 2.99,2025-10-16
394330118188,16/10/2025,2.99,394330118188 16/10/2025 FedEx Priority 1 10.30 kg 2.99 0.00 2.99,2025-10-16
394330390444,16/10/2025,2.99,394330390444 16/10/2025 FedEx Priority Cop1 2.90y kg 2.99 0.00 2.99,2025-10-16
394330395722,16/10/2025,2.99,394330395722 16/10/2025 FedEx Priority 1 5.60 kg 2.99 0.00 2.99,2025-10-16
394330513474,16/10/2025,2.99,394330513474 16/10/2025 FedEx Priority 1 7.50 kg 2.99 0.00 2.99,2025-10-16
394330577372,16/10/2025,2.99,394330577372 16/10/2025 FedEx Priority 1 1.00 kg 2.99 0.00 2.99,2025-10-16
394330585500,16/10/2025,2.99,394330585500 16/10/2025 FedEx Priority 1 1.20 kg 2.99 0.00 2.99,2025-10-16
394331937972,16/10/2025,2.99,394331937972 16/10/2025 FedEx Priority 1 1.60 kg 2.99 0.00 2.99,2025-10-16
394331942033,16/10/2025,2.99,394331942033 16/10/2025 FedEx Priority 1 1.40 kg 2.99 0.00 2.99,2025-10-16
394331948010,16/10/2025,2.99,394331948010 16/10/2025 FedEx Priority 1 1.30 kg 2.99 0.00 2.99,2025-10-16
394332363487,16/10/2025,2.99,394332363487 16/10/2025 FedEx Priority 1 17.20 kg 2.99 0.00 2.99,2025-10-16
394332505001,16/10/2025,2.99,394332505001 16/10/2025 FedEx Priority 1 1.90 kg 2.99 0.00 2.99,2025-10-16
394332509990,16/10/2025,2.99,394332509990 16/10/2025 FedEx Priority 1 2.60 kg 2.99 0.00 2.99,2025-10-16
394332513683,16/10/2025,2.99,394332513683 16/10/2025 FedEx Priority 1 14.00 kg 2.99 0.00 2.99,2025-10-16
394333153888,16/10/2025,2.99,394333153888 16/10/2025 FedEx Priority Cop1 9.20y kg 2.99 0.00 2.99,2025-10-16
394333158445,16/10/2025,2.99,394333158445 16/10/2025 FedEx Priority 1 5.60 kg 2.99 0.00 2.99,2025-10-16
394333163915,16/10/2025,2.99,394333163915 16/10/2025 FedEx Priority 1 3.90 kg 2.99 0.00 2.99,2025-10-16
394333173066,16/10/2025,2.99,394333173066 16/10/2025 FedEx Priority 1 1.80 kg 2.99 0.00 2.99,2025-10-16
394333175724,16/10/2025,2.99,394333175724 16/10/2025 FedEx Priority 1 1.00 kg 2.99 0.00 2.99,2025-10-16
394333734396,16/10/2025,2.99,394333734396 16/10/2025 FedEx Priority 1 3.60 kg 2.99 0.00 2.99,2025-10-16
394334696413,16/10/2025,2.99,394334696413 16/10/2025 FedEx Priority 1 3.60 kg 2.99 0.00 2.99,2025-10-16
394367200245,17/10/2025,2.99,394367200245 17/10/2025 FedEx Priority 1 5.00 kg 2.99 0.00 2.99,2025-10-17
394367208202,17/10/2025,2.99,394367208202 17/10/2025 FedEx Priority 1 1.00 kg 2.99 0.00 2.99,2025-10-17
394367212890,17/10/2025,2.99,394367212890 17/10/2025 FedEx Priority 1 1.20 kg 2.99 0.00 2.99,2025-10-17
394367218810,17/10/2025,2.99,394367218810 17/10/2025 FedEx Priority 1 2.40 kg 2.99 0.00 2.99,2025-10-17
394367224345,17/10/2025,2.99,394367224345 17/10/2025 FedEx Priority 1 17.00 kg 2.99 0.00 2.99,2025-10-17
394367229656,17/10/2025,2.99,394367229656 17/10/2025 FedEx Priority 1 1.00 kg 2.99 0.00 2.99,2025-10-17
394367235320,17/10/2025,2.99,394367235320 17/10/2025 FedEx Priority 1 17.40 kg 2.99 0.00 2.99,2025-10-17
394367242631,17/10/2025,2.99,394367242631 17/10/2025 FedEx Priority 1 1.90 kg 2.99 0.00 2.99,2025-10-17
394367247725,17/10/2025,2.99,394367247725 17/10/2025 FedEx Priority 1 5.50 kg 2.99 0.00 2.99,2025-10-17
394367253617,17/10/2025,2.99,394367253617 17/10/2025 FedEx Priority 1 6.50 kg 2.99 0.00 2.99,2025-10-17
394367262438,17/10/2025,2.99,394367262438 17/10/2025 FedEx Priority 1 7.20 kg 2.99 0.00 2.99,2025-10-17
394367268778,17/10/2025,2.99,394367268778 17/10/2025 FedEx Priority 1 7.10 kg 2.99 0.00 2.99,2025-10-17
394367275390,17/10/2025,2.99,394367275390 17/10/2025 FedEx Priority 1 16.00 kg 2.99 0.00 2.99,2025-10-17
394367280919,17/10/2025,2.99,394367280919 17/10/2025 FedEx Priority 1 2.90 kg 2.99 0.00 2.99,2025-10-17
394368266874,17/10/2025,2.99,394368266874 17/10/2025 FedEx Priority 1 5.30 kg 2.99 0.00 2.99,2025-10-17
394368297038,17/10/2025,2.99,394368297038 17/10/2025 FedEx Priority 1 1.00 kg 2.99 0.00 2.99,2025-10-17
394368317927,17/10/2025,2.99,394368317927 17/10/2025 FedEx Priority 1 3.40 kg 2.99 0.00 2.99,2025-10-17
394368323061,17/10/2025,2.99,394368323061 17/10/2025 FedEx Priority 1 6.00 kg 2.99 0.00 2.99,2025-10-17
394368334070,17/10/2025,2.99,394368334070 17/10/2025 FedEx Priority 1 1.00 kg 2.99 0.00 2.99,2025-10-17
394369271457,17/10/2025,2.99,394369271457 17/10/2025 FedEx Priority 1 17.40 kg 2.99 0.00 2.99,2025-10-17
394369276209,17/10/2025,2.99,394369276209 17/10/2025 FedEx Priority 1 17.20 kg 2.99 0.00 2.99,2025-10-17
394369280587,17/10/2025,2.99,394369280587 17/10/2025 FedEx Priority 1 15.30 kg 2.99 0.00 2.99,2025-10-17
394369283303,17/10/2025,2.99,394369283303 17/10/2025 FedEx Priority 1 16.20 kg 2.99 0.00 2.99,2025-10-17
394369289297,17/10/2025,2.99,394369289297 17/10/2025 FedEx Priority 1 21.20 kg 2.99 0.00 2.99,2025-10-17
394369344011,17/10/2025,2.99,394369344011 17/10/2025 FedEx Priority 1 17.40 kg 2.99 0.00 2.99,2025-10-17
394369898986,17/10/2025,2.99,394369898986 17/10/2025 FedEx Priority 1 4.80 kg 2.99 0.00 2.99,2025-10-17
394369917780,17/10/2025,2.99,394369917780 17/10/2025 FedEx Priority 1 1.30 kg 2.99 0.00 2.99,2025-10-17
394369928560,17/10/2025,2.99,394369928560 17/10/2025 FedEx Priority 1 1.00 kg 2.99 0.00 2.99,2025-10-17
394369936708,17/10/2025,2.99,394369936708 17/10/2025 FedEx Priority 1 2.00 kg 2.99 0.00 2.99,2025-10-17
394369943342,17/10/2025,2.99,394369943342 17/10/2025 FedEx Priority 1 5.10 kg 2.99 0.00 2.99,2025-10-17
394370301571,17/10/2025,2.99,394370301571 17/10/2025 FedEx Priority 1 7.80 kg 2.99 0.00 2.99,2025-10-17
394372689364,17/10/2025,2.99,394372689364 17/10/2025 FedEx Priority 1 4.80 kg 2.99 0.00 2.99,2025-10-17
394372703946,17/10/2025,2.99,394372703946 17/10/2025 FedEx Priority 1 2.40 kg 2.99 0.00 2.99,2025-10-17
394372710157,17/10/2025,2.99,394372710157 17/10/2025 FedEx Priority 1 1.00 kg 2.99 0.00 2.99,2025-10-17
394373308575,17/10/2025,2.99,394373308575 17/10/2025 FedEx Priority 1 7.40 kg 2.99 0.00 2.99,2025-10-17
394373314412,17/10/2025,2.99,394373314412 17/10/2025 FedEx Priority 1 15.00 kg 2.99 0.00 2.99,2025-10-17
394374060659,17/10/2025,2.99,394374060659 17/10/2025 FedEx Priority 1 10.40 kg 2.99 0.00 2.99,2025-10-17
394374078639,17/10/2025,2.99,394374078639 17/10/2025 FedEx Priority 1 2.10 kg 2.99 0.00 2.99,2025-10-17
393933215765,06/10/2025,2.99,393933215765 06/10/2025 FedEx Priority 1 17.90 kg 2.99 0.00 2.99,2025-10-06
393933227151,06/10/2025,2.99,393933227151 06/10/2025 FedEx Priority 1 18.50 kg 2.99 0.00 2.99,2025-10-06
393933231901,06/10/2025,2.99,393933231901 06/10/2025 FedEx Priority 1 23.50 kg 2.99 0.00 2.99,2025-10-06
393933246455,06/10/2025,2.99,393933246455 06/10/2025 FedEx Priority 1 17.40 kg 2.99 0.00 2.99,2025-10-06
393933252998,06/10/2025,2.99,393933252998 06/10/2025 FedEx Priority 1 17.40 kg 2.99 0.00 2.99,2025-10-06
393933259904,06/10/2025,2.99,393933259904 06/10/2025 FedEx Priority 1 17.70 kg 2.99 0.00 2.99,2025-10-06
393933267133,06/10/2025,2.99,393933267133 06/10/2025 FedEx Priority 1 16.70 kg 2.99 0.00 2.99,2025-10-06
393933276804,06/10/2025,2.99,393933276804 06/10/2025 FedEx Priority 1 17.40 kg 2.99 0.00 2.99,2025-10-06
393933281560,06/10/2025,2.99,393933281560 06/10/2025 FedEx Priority 1 1.00 kg 2.99 0.00 2.99,2025-10-06
393933291322,06/10/2025,2.99,393933291322 06/10/2025 FedEx Priority 1 17.00 kg 2.99 0.00 2.99,2025-10-06
393933302367,06/10/2025,2.99,393933302367 06/10/2025 FedEx Priority 1 17.40 kg 2.99 0.00 2.99,2025-10-06
393933310917,06/10/2025,2.99,393933310917 06/10/2025 FedEx Priority 1 17.40 kg 2.99 0.00 2.99,2025-10-06
393933318653,06/10/2025,2.99,393933318653 06/10/2025 FedEx Priority 1 1.00 kg 2.99 0.00 2.99,2025-10-06
393933323803,06/10/2025,2.99,393933323803 06/10/2025 FedEx Priority 1 17.40 kg 2.99 0.00 2.99,2025-10-06
393933330183,06/10/2025,2.99,393933330183 06/10/2025 FedEx Priority 1 1.00 kg 2.99 0.00 2.99,2025-10-06
393933336869,06/10/2025,2.99,393933336869 06/10/2025 FedEx Priority 1 19.20 kg 2.99 0.00 2.99,2025-10-06
393933343860,06/10/2025,2.99,393933343860 06/10/2025 FedEx Priority 1 17.40 kg 2.99 0.00 2.99,2025-10-06
393933350509,06/10/2025,2.99,393933350509 06/10/2025 FedEx Priority 1 17.60 kg 2.99 0.00 2.99,2025-10-06
393934728776,06/10/2025,2.99,393934728776 06/10/2025 FedEx Priority 1 17.20 kg 2.99 0.00 2.99,2025-10-06
393934738402,06/10/2025,2.99,393934738402 06/10/2025 FedEx Priority 1 17.40 kg 2.99 0.00 2.99,2025-10-06
393934876266,06/10/2025,2.99,393934876266 06/10/2025 FedEx Priority 1 18.30 kg 2.99 0.00 2.99,2025-10-06
393934886392,06/10/2025,2.99,393934886392 06/10/2025 FedEx Priority 1 18.80 kg 2.99 0.00 2.99,2025-10-06
393935506100,06/10/2025,2.99,393935506100 06/10/2025 FedEx Priority 1 17.00 kg 2.99 0.00 2.99,2025-10-06
393935861190,06/10/2025,2.99,393935861190 06/10/2025 FedEx Priority 1 19.20 kg 2.99 0.00 2.99,2025-10-06
393935939135,06/10/2025,2.99,393935939135 06/10/2025 FedEx Priority 1 17.00 kg 2.99 0.00 2.99,2025-10-06
393940118178,06/10/2025,2.99,393940118178 06/10/2025 FedEx Priority 1 17.00 kg 2.99 0.00 2.99,2025-10-06
393940291666,06/10/2025,2.99,393940291666 06/10/2025 FedEx Priority 1 18.30 kg 2.99 0.00 2.99,2025-10-06
393940431379,06/10/2025,2.99,393940431379 06/10/2025 FedEx Priority 1 17.40 kg 2.99 0.00 2.99,2025-10-06
393940937348,06/10/2025,2.99,393940937348 06/10/2025 FedEx Priority Cop1 17.1y0 kg 2.99 0.00 2.99,2025-10-06
393941072157,06/10/2025,2.99,393941072157 06/10/2025 FedEx Priority 1 17.40 kg 2.99 0.00 2.99,2025-10-06
393941581590,06/10/2025,2.99,393941581590 06/10/2025 FedEx Priority 1 1.00 kg 2.99 0.00 2.99,2025-10-06
393941916633,06/10/2025,2.99,393941916633 06/10/2025 FedEx Priority 1 17.40 kg 2.99 0.00 2.99,2025-10-06
393943254237,06/10/2025,2.99,393943254237 06/10/2025 FedEx Priority 1 18.30 kg 2.99 0.00 2.99,2025-10-06
393943439508,06/10/2025,2.99,393943439508 06/10/2025 FedEx Priority 1 17.00 kg 2.99 0.00 2.99,2025-10-06
393946268530,06/10/2025,2.99,393946268530 06/10/2025 FedEx Priority 1 17.10 kg 2.99 0.00 2.99,2025-10-06
393946550846,06/10/2025,2.99,393946550846 06/10/2025 FedEx Priority 1 17.00 kg 2.99 0.00 2.99,2025-10-06
393947242743,06/10/2025,2.99,393947242743 06/10/2025 FedEx Priority 1 17.40 kg 2.99 0.00 2.99,2025-10-06
393948225438,06/10/2025,2.99,393948225438 06/10/2025 FedEx Priority 1 17.10 kg 2.99 0.00 2.99,2025-10-06
393948236480,06/10/2025,2.99,393948236480 06/10/2025 FedEx Priority 1 18.70 kg 2.99 0.00 2.99,2025-10-06
393948244319,06/10/2025,2.99,393948244319 06/10/2025 FedEx Priority 1 17.00 kg 2.99 0.00 2.99,2025-10-06
393948471329,06/10/2025,2.99,393948471329 06/10/2025 FedEx Priority Cop1 17.4y0 kg 2.99 0.00 2.99,2025-10-06
393949003651,06/10/2025,2.99,393949003651 06/10/2025 FedEx Priority 1 2.90 kg 2.99 0.00 2.99,2025-10-06
393949014188,06/10/2025,2.99,393949014188 06/10/2025 FedEx Priority 1 1.00 kg 2.99 0.00 2.99,2025-10-06
393949022153,06/10/2025,2.99,393949022153 06/10/2025 FedEx Priority 1 2.50 kg 2.99 0.00 2.99,2025-10-06
393949031743,06/10/2025,2.99,393949031743 06/10/2025 FedEx Priority 1 1.00 kg 2.99 0.00 2.99,2025-10-06
393949039354,06/10/2025,2.99,393949039354 06/10/2025 FedEx Priority 1 1.60 kg 2.99 0.00 2.99,2025-10-06
393949050944,06/10/2025,2.99,393949050944 06/10/2025 FedEx Priority 1 9.60 kg 2.99 0.00 2.99,2025-10-06
393949067160,06/10/2025,2.99,393949067160 06/10/2025 FedEx Priority 1 3.00 kg 2.99 0.00 2.99,2025-10-06
393949076326,06/10/2025,2.99,393949076326 06/10/2025 FedEx Priority 1 1.90 kg 2.99 0.00 2.99,2025-10-06
393949085022,06/10/2025,2.99,393949085022 06/10/2025 FedEx Priority 1 1.80 kg 2.99 0.00 2.99,2025-10-06
393949176351,06/10/2025,2.99,393949176351 06/10/2025 FedEx Priority 1 1.10 kg 2.99 0.00 2.99,2025-10-06
393949187624,06/10/2025,2.99,393949187624 06/10/2025 FedEx Priority 1 3.40 kg 2.99 0.00 2.99,2025-10-06
393949364489,06/10/2025,2.99,393949364489 06/10/2025 FedEx Priority 1 5.90 kg 2.99 0.00 2.99,2025-10-06
393949389920,06/10/2025,2.99,393949389920 06/10/2025 FedEx Priority Cop1 2.90y kg 2.99 0.00 2.99,2025-10-06
393949403994,06/10/2025,2.99,393949403994 06/10/2025 FedEx Priority 1 1.60 kg 2.99 0.00 2.99,2025-10-06
393949435810,06/10/2025,2.99,393949435810 06/10/2025 FedEx Priority 1 2.60 kg 2.99 0.00 2.99,2025-10-06
393949447309,06/10/2025,2.99,393949447309 06/10/2025 FedEx Priority 1 2.40 kg 2.99 0.00 2.99,2025-10-06
393949465558,06/10/2025,2.99,393949465558 06/10/2025 FedEx Priority 1 8.10 kg 2.99 0.00 2.99,2025-10-06
393949482355,06/10/2025,2.99,393949482355 06/10/2025 FedEx Priority 1 1.00 kg 2.99 0.00 2.99,2025-10-06
393949499442,06/10/2025,2.99,393949499442 06/10/2025 FedEx Priority 1 1.70 kg 2.99 0.00 2.99,2025-10-06
393949512400,06/10/2025,2.99,393949512400 06/10/2025 FedEx Priority 1 6.60 kg 2.99 0.00 2.99,2025-10-06
393949526417,06/10/2025,2.99,393949526417 06/10/2025 FedEx Priority 1 1.00 kg 2.99 0.00 2.99,2025-10-06
393949542608,06/10/2025,2.99,393949542608 06/10/2025 FedEx Priority 1 7.40 kg 2.99 0.00 2.99,2025-10-06
393949558478,06/10/2025,2.99,393949558478 06/10/2025 FedEx Priority 1 1.20 kg 2.99 0.00 2.99,2025-10-06
393949567862,06/10/2025,2.99,393949567862 06/10/2025 FedEx Priority 1 1.40 kg 2.99 0.00 2.99,2025-10-06
393949846862,06/10/2025,2.99,393949846862 06/10/2025 FedEx Priority 1 2.40 kg 2.99 0.00 2.99,2025-10-06
393949861954,06/10/2025,2.99,393949861954 06/10/2025 FedEx Priority 1 1.70 kg 2.99 0.00 2.99,2025-10-06
393949965404,06/10/2025,2.99,393949965404 06/10/2025 FedEx Priority 1 5.40 kg 2.99 0.00 2.99,2025-10-06
393950042457,06/10/2025,2.99,393950042457 06/10/2025 FedEx Priority 1 5.30 kg 2.99 0.00 2.99,2025-10-06
393950293832,06/10/2025,2.99,393950293832 06/10/2025 FedEx Priority 1 1.60 kg 2.99 0.00 2.99,2025-10-06
393950316686,06/10/2025,2.99,393950316686 06/10/2025 FedEx Priority 1 4.90 kg 2.99 0.00 2.99,2025-10-06
393950368396,06/10/2025,2.99,393950368396 06/10/2025 FedEx Priority 1 3.20 kg 2.99 0.00 2.99,2025-10-06
393950386855,06/10/2025,2.99,393950386855 06/10/2025 FedEx Priority 1 1.30 kg 2.99 0.00 2.99,2025-10-06
393950403255,06/10/2025,2.99,393950403255 06/10/2025 FedEx Priority 1 3.80 kg 2.99 0.00 2.99,2025-10-06
393950432891,06/10/2025,2.99,393950432891 06/10/2025 FedEx Priority 1 1.00 kg 2.99 0.00 2.99,2025-10-06
393950454760,06/10/2025,2.99,393950454760 06/10/2025 FedEx Priority 1 3.60 kg 2.99 0.00 2.99,2025-10-06
393950605676,06/10/2025,2.99,393950605676 06/10/2025 FedEx Priority 1 2.00 kg 2.99 0.00 2.99,2025-10-06
393950614280,06/10/2025,2.99,393950614280 06/10/2025 FedEx Priority 1 4.00 kg 2.99 0.00 2.99,2025-10-06
393950633952,06/10/2025,2.99,393950633952 06/10/2025 FedEx Priority 1 2.00 kg 2.99 0.00 2.99,2025-10-06
393950660875,06/10/2025,2.99,393950660875 06/10/2025 FedEx Priority 1 2.90 kg 2.99 0.00 2.99,2025-10-06
393950682090,06/10/2025,2.99,393950682090 06/10/2025 FedEx Priority 1 2.20 kg 2.99 0.00 2.99,2025-10-06
393950712718,06/10/2025,2.99,393950712718 06/10/2025 FedEx Priority 1 7.50 kg 2.99 0.00 2.99,2025-10-06
393950793170,06/10/2025,2.99,393950793170 06/10/2025 FedEx Priority 1 10.30 kg 2.99 0.00 2.99,2025-10-06
393950805914,06/10/2025,2.99,393950805914 06/10/2025 FedEx Priority 1 1.10 kg 2.99 0.00 2.99,2025-10-06
393950841485,06/10/2025,2.99,393950841485 06/10/2025 FedEx Priority 1 1.00 kg 2.99 0.00 2.99,2025-10-06
393950974480,06/10/2025,2.99,393950974480 06/10/2025 FedEx Priority 1 2.00 kg 2.99 0.00 2.99,2025-10-06
393950986667,06/10/2025,2.99,393950986667 06/10/2025 FedEx Priority 1 3.20 kg 2.99 0.00 2.99,2025-10-06
393951600052,06/10/2025,2.99,393951600052 06/10/2025 FedEx Priority 1 7.50 kg 2.99 0.00 2.99,2025-10-06
393951934791,06/10/2025,2.99,393951934791 06/10/2025 FedEx Priority 1 7.00 kg 2.99 0.00 2.99,2025-10-06
393951952106,06/10/2025,2.99,393951952106 06/10/2025 FedEx Priority 1 4.70 kg 2.99 0.00 2.99,2025-10-06
393952005021,06/10/2025,2.99,393952005021 06/10/2025 FedEx Priority 1 5.60 kg 2.99 0.00 2.99,2025-10-06
393952131000,06/10/2025,2.99,393952131000 06/10/2025 FedEx Priority 1 6.70 kg 2.99 0.00 2.99,2025-10-06
393952599533,06/10/2025,2.99,393952599533 06/10/2025 FedEx Priority 1 1.00 kg 2.99 0.00 2.99,2025-10-06
393952886060,06/10/2025,2.99,393952886060 06/10/2025 FedEx Priority 1 5.90 kg 2.99 0.00 2.99,2025-10-06
393952925716,06/10/2025,2.99,393952925716 06/10/2025 FedEx Priority 1 1.40 kg 2.99 0.00 2.99,2025-10-06
393952967090,06/10/2025,2.99,393952967090 06/10/2025 FedEx Priority 1 6.70 kg 2.99 0.00 2.99,2025-10-06
393953037869,06/10/2025,2.99,393953037869 06/10/2025 FedEx Priority 1 7.10 kg 2.99 0.00 2.99,2025-10-06
393953062425,06/10/2025,2.99,393953062425 06/10/2025 FedEx Priority 1 2.10 kg 2.99 0.00 2.99,2025-10-06
393953144028,06/10/2025,2.99,393953144028 06/10/2025 FedEx Priority 1 7.50 kg 2.99 0.00 2.99,2025-10-06
393953187248,06/10/2025,2.99,393953187248 06/10/2025 FedEx Priority 1 3.50 kg 2.99 0.00 2.99,2025-10-06
393953214028,06/10/2025,2.99,393953214028 06/10/2025 FedEx Priority 1 1.00 kg 2.99 0.00 2.99,2025-10-06
393953247410,06/10/2025,2.99,393953247410 06/10/2025 FedEx Priority 1 5.90 kg 2.99 0.00 2.99,2025-10-06
393953285226,06/10/2025,2.99,393953285226 06/10/2025 FedEx Priority 1 2.00 kg 2.99 0.00 2.99,2025-10-06
393953319114,06/10/2025,2.99,393953319114 06/10/2025 FedEx Priority 1 8.40 kg 2.99 0.00 2.99,2025-10-06
393953824106,06/10/2025,2.99,393953824106 06/10/2025 FedEx Priority 1 1.60 kg 2.99 0.00 2.99,2025-10-06
393953861832,06/10/2025,2.99,393953861832 06/10/2025 FedEx Priority 1 6.90 kg 2.99 0.00 2.99,2025-10-06
393953885288,06/10/2025,2.99,393953885288 06/10/2025 FedEx Priority 1 9.10 kg 2.99 0.00 2.99,2025-10-06
393953909532,06/10/2025,2.99,393953909532 06/10/2025 FedEx Priority 1 6.80 kg 2.99 0.00 2.99,2025-10-06
393953970807,06/10/2025,2.99,393953970807 06/10/2025 FedEx Priority 1 5.80 kg 2.99 0.00 2.99,2025-10-06
393953987993,06/10/2025,2.99,393953987993 06/10/2025 FedEx Priority 1 8.50 kg 2.99 0.00 2.99,2025-10-06
393954400490,06/10/2025,2.99,393954400490 06/10/2025 FedEx Priority 1 9.40 kg 2.99 0.00 2.99,2025-10-06
393954424248,06/10/2025,2.99,393954424248 06/10/2025 FedEx Priority 1 4.50 kg 2.99 0.00 2.99,2025-10-06
393954439630,06/10/2025,2.99,393954439630 06/10/2025 FedEx Priority 1 3.60 kg 2.99 0.00 2.99,2025-10-06
393954459025,06/10/2025,2.99,393954459025 06/10/2025 FedEx Priority 1 1.80 kg 2.99 0.00 2.99,2025-10-06
393954561267,06/10/2025,2.99,393954561267 06/10/2025 FedEx Priority 1 2.40 kg 2.99 0.00 2.99,2025-10-06
393955034005,06/10/2025,2.99,393955034005 06/10/2025 FedEx Priority Cop1 1.00y kg 2.99 0.00 2.99,2025-10-06
393955069525,06/10/2025,2.99,393955069525 06/10/2025 FedEx Priority 1 9.30 kg 2.99 0.00 2.99,2025-10-06
393987636981,07/10/2025,2.99,393987636981 07/10/2025 FedEx Priority 1 4.70 kg 2.99 0.00 2.99,2025-10-07
393987660910,07/10/2025,2.99,393987660910 07/10/2025 FedEx Priority 1 3.60 kg 2.99 0.00 2.99,2025-10-07
393987678153,07/10/2025,2.99,393987678153 07/10/2025 FedEx Priority 1 3.00 kg 2.99 0.00 2.99,2025-10-07
393987701854,07/10/2025,2.99,393987701854 07/10/2025 FedEx Priority 1 2.60 kg 2.99 0.00 2.99,2025-10-07
393987727762,07/10/2025,2.99,393987727762 07/10/2025 FedEx Priority 1 2.20 kg 2.99 0.00 2.99,2025-10-07
393987749458,07/10/2025,2.99,393987749458 07/10/2025 FedEx Priority 1 2.90 kg 2.99 0.00 2.99,2025-10-07
393987769725,07/10/2025,2.99,393987769725 07/10/2025 FedEx Priority 1 8.40 kg 2.99 0.00 2.99,2025-10-07
393987794233,07/10/2025,2.99,393987794233 07/10/2025 FedEx Priority 1 2.10 kg 2.99 0.00 2.99,2025-10-07
393987930547,07/10/2025,2.99,393987930547 07/10/2025 FedEx Priority 1 3.60 kg 2.99 0.00 2.99,2025-10-07
393989722248,07/10/2025,2.99,393989722248 07/10/2025 FedEx Priority 1 4.10 kg 2.99 0.00 2.99,2025-10-07
393990893660,07/10/2025,2.99,393990893660 07/10/2025 FedEx Priority Cop1 1.00y kg 2.99 0.00 2.99,2025-10-07
393990930430,07/10/2025,2.99,393990930430 07/10/2025 FedEx Priority 1 1.10 kg 2.99 0.00 2.99,2025-10-07
393990962505,07/10/2025,2.99,393990962505 07/10/2025 FedEx Priority 1 3.80 kg 2.99 0.00 2.99,2025-10-07
393990983249,07/10/2025,2.99,393990983249 07/10/2025 FedEx Priority 1 1.70 kg 2.99 0.00 2.99,2025-10-07
393991018062,07/10/2025,2.99,393991018062 07/10/2025 FedEx Priority 1 3.80 kg 2.99 0.00 2.99,2025-10-07
393991044910,07/10/2025,2.99,393991044910 07/10/2025 FedEx Priority 1 7.20 kg 2.99 0.00 2.99,2025-10-07
393991067108,07/10/2025,2.99,393991067108 07/10/2025 FedEx Priority 1 4.30 kg 2.99 0.00 2.99,2025-10-07
393991087522,07/10/2025,2.99,393991087522 07/10/2025 FedEx Priority 1 2.70 kg 2.99 0.00 2.99,2025-10-07
393992094829,07/10/2025,2.99,393992094829 07/10/2025 FedEx Priority 1 1.20 kg 2.99 0.00 2.99,2025-10-07
393993500608,07/10/2025,2.99,393993500608 07/10/2025 FedEx Priority 1 5.30 kg 2.99 0.00 2.99,2025-10-07
393994751254,07/10/2025,2.99,393994751254 07/10/2025 FedEx Priority 1 2.00 kg 2.99 0.00 2.99,2025-10-07
393994806910,07/10/2025,2.99,393994806910 07/10/2025 FedEx Priority 1 3.80 kg 2.99 0.00 2.99,2025-10-07
393994891802,07/10/2025,2.99,393994891802 07/10/2025 FedEx Priority 1 3.00 kg 2.99 0.00 2.99,2025-10-07
393994924771,07/10/2025,2.99,393994924771 07/10/2025 FedEx Priority 1 3.00 kg 2.99 0.00 2.99,2025-10-07
393994946489,07/10/2025,2.99,393994946489 07/10/2025 FedEx Priority 1 5.70 kg 2.99 0.00 2.99,2025-10-07
393995151883,07/10/2025,2.99,393995151883 07/10/2025 FedEx Priority 1 2.70 kg 2.99 0.00 2.99,2025-10-07
393995267532,07/10/2025,2.99,393995267532 07/10/2025 FedEx Priority 1 1.00 kg 2.99 0.00 2.99,2025-10-07
393995305938,07/10/2025,2.99,393995305938 07/10/2025 FedEx Priority 1 2.70 kg 2.99 0.00 2.99,2025-10-07
393995944677,07/10/2025,2.99,393995944677 07/10/2025 FedEx Priority 1 1.80 kg 2.99 0.00 2.99,2025-10-07
393995965848,07/10/2025,2.99,393995965848 07/10/2025 FedEx Priority 1 4.10 kg 2.99 0.00 2.99,2025-10-07
393995982770,07/10/2025,2.99,393995982770 07/10/2025 FedEx Priority 1 1.70 kg 2.99 0.00 2.99,2025-10-07
393996013897,07/10/2025,2.99,393996013897 07/10/2025 FedEx Priority 1 9.80 kg 2.99 0.00 2.99,2025-10-07
393996040011,07/10/2025,2.99,393996040011 07/10/2025 FedEx Priority 1 1.00 kg 2.99 0.00 2.99,2025-10-07
393996063300,07/10/2025,2.99,393996063300 07/10/2025 FedEx Priority 1 3.20 kg 2.99 0.00 2.99,2025-10-07
393996091630,07/10/2025,2.99,393996091630 07/10/2025 FedEx Priority 1 5.50 kg 2.99 0.00 2.99,2025-10-07
393996138209,07/10/2025,2.99,393996138209 07/10/2025 FedEx Priority 1 3.70 kg 2.99 0.00 2.99,2025-10-07
393996163195,07/10/2025,2.99,393996163195 07/10/2025 FedEx Priority 1 1.70 kg 2.99 0.00 2.99,2025-10-07
393996206673,07/10/2025,2.99,393996206673 07/10/2025 FedEx Priority 1 1.00 kg 2.99 0.00 2.99,2025-10-07
393996227936,07/10/2025,2.99,393996227936 07/10/2025 FedEx Priority 1 5.10 kg 2.99 0.00 2.99,2025-10-07
393996244034,07/10/2025,2.99,393996244034 07/10/2025 FedEx Priority 1 1.00 kg 2.99 0.00 2.99,2025-10-07
393996264183,07/10/2025,2.99,393996264183 07/10/2025 FedEx Priority 1 3.30 kg 2.99 0.00 2.99,2025-10-07
393996284428,07/10/2025,2.99,393996284428 07/10/2025 FedEx Priority 1 5.70 kg 2.99 0.00 2.99,2025-10-07
393996301869,07/10/2025,2.99,393996301869 07/10/2025 FedEx Priority 1 1.00 kg 2.99 0.00 2.99,2025-10-07
393996319367,07/10/2025,2.99,393996319367 07/10/2025 FedEx Priority 1 1.00 kg 2.99 0.00 2.99,2025-10-07
393996344563,07/10/2025,2.99,393996344563 07/10/2025 FedEx Priority 1 1.90 kg 2.99 0.00 2.99,2025-10-07
393996823385,07/10/2025,2.99,393996823385 07/10/2025 FedEx Priority 1 1.00 kg 2.99 0.00 2.99,2025-10-07
393996867189,07/10/2025,2.99,393996867189 07/10/2025 FedEx Priority 1 1.10 kg 2.99 0.00 2.99,2025-10-07
393996891091,07/10/2025,2.99,393996891091 07/10/2025 FedEx Priority 1 3.30 kg 2.99 0.00 2.99,2025-10-07
393996911009,07/10/2025,2.99,393996911009 07/10/2025 FedEx Priority 1 2.90 kg 2.99 0.00 2.99,2025-10-07
393996925759,07/10/2025,2.99,393996925759 07/10/2025 FedEx Priority 1 3.40 kg 2.99 0.00 2.99,2025-10-07
393996944504,07/10/2025,2.99,393996944504 07/10/2025 FedEx Priority 1 4.20 kg 2.99 0.00 2.99,2025-10-07
393996974551,07/10/2025,2.99,393996974551 07/10/2025 FedEx Priority 1 7.20 kg 2.99 0.00 2.99,2025-10-07
393996983762,07/10/2025,2.99,393996983762 07/10/2025 FedEx Priority 1 5.00 kg 2.99 0.00 2.99,2025-10-07
393997344170,07/10/2025,2.99,393997344170 07/10/2025 FedEx Priority 1 1.90 kg 2.99 0.00 2.99,2025-10-07
393997363587,07/10/2025,2.99,393997363587 07/10/2025 FedEx Priority 1 2.70 kg 2.99 0.00 2.99,2025-10-07
393997377263,07/10/2025,2.99,393997377263 07/10/2025 FedEx Priority 1 3.30 kg 2.99 0.00 2.99,2025-10-07
393997393980,07/10/2025,2.99,393997393980 07/10/2025 FedEx Priority 1 1.40 kg 2.99 0.00 2.99,2025-10-07
393997505903,07/10/2025,2.99,393997505903 07/10/2025 FedEx Priority 1 8.00 kg 2.99 0.00 2.99,2025-10-07
393998850820,07/10/2025,2.99,393998850820 07/10/2025 FedEx Priority 1 10.50 kg 2.99 0.00 2.99,2025-10-07
393998864675,07/10/2025,2.99,393998864675 07/10/2025 FedEx Priority 1 1.00 kg 2.99 0.00 2.99,2025-10-07
393998884508,07/10/2025,2.99,393998884508 07/10/2025 FedEx Priority 1 2.60 kg 2.99 0.00 2.99,2025-10-07
393999241538,07/10/2025,2.99,393999241538 07/10/2025 FedEx Priority 1 2.00 kg 2.99 0.00 2.99,2025-10-07
393999255729,07/10/2025,2.99,393999255729 07/10/2025 FedEx Priority 1 2.00 kg 2.99 0.00 2.99,2025-10-07
393999269986,07/10/2025,2.99,393999269986 07/10/2025 FedEx Priority 1 1.50 kg 2.99 0.00 2.99,2025-10-07
393999289006,07/10/2025,2.99,393999289006 07/10/2025 FedEx Priority 1 6.30 kg 2.99 0.00 2.99,2025-10-07
393999304812,07/10/2025,2.99,393999304812 07/10/2025 FedEx Priority 1 1.80 kg 2.99 0.00 2.99,2025-10-07
393999322498,07/10/2025,2.99,393999322498 07/10/2025 FedEx Priority 1 3.60 kg 2.99 0.00 2.99,2025-10-07
393999332926,07/10/2025,2.99,393999332926 07/10/2025 FedEx Priority 1 4.50 kg 2.99 0.00 2.99,2025-10-07
394000744629,07/10/2025,2.99,394000744629 07/10/2025 FedEx Priority 1 2.10 kg 2.99 0.00 2.99,2025-10-07
394001107977,07/10/2025,2.99,394001107977 07/10/2025 FedEx Priority 1 6.40 kg 2.99 0.00 2.99,2025-10-07
394031893320,08/10/2025,2.99,394031893320 08/10/2025 FedEx Priority 1 4.00 kg 2.99 0.00 2.99,2025-10-08
394031935592,08/10/2025,2.99,394031935592 08/10/2025 FedEx Priority 1 3.90 kg 2.99 0.00 2.99,2025-10-08
394031951544,08/10/2025,2.99,394031951544 08/10/2025 FedEx Priority 1 1.20 kg 2.99 0.00 2.99,2025-10-08
394031966385,08/10/2025,2.99,394031966385 08/10/2025 FedEx Priority 1 1.10 kg 2.99 0.00 2.99,2025-10-08
394031984969,08/10/2025,2.99,394031984969 08/10/2025 FedEx Priority Cop1 2.50y kg 2.99 0.00 2.99,2025-10-08
394032000660,08/10/2025,2.99,394032000660 08/10/2025 FedEx Priority 1 2.00 kg 2.99 0.00 2.99,2025-10-08
394032015949,08/10/2025,2.99,394032015949 08/10/2025 FedEx Priority 1 2.40 kg 2.99 0.00 2.99,2025-10-08
394032031095,08/10/2025,2.99,394032031095 08/10/2025 FedEx Priority 1 2.30 kg 2.99 0.00 2.99,2025-10-08
394032053950,08/10/2025,2.99,394032053950 08/10/2025 FedEx Priority 1 1.50 kg 2.99 0.00 2.99,2025-10-08
394032083195,08/10/2025,2.99,394032083195 08/10/2025 FedEx Priority 1 2.60 kg 2.99 0.00 2.99,2025-10-08
394032133285,08/10/2025,2.99,394032133285 08/10/2025 FedEx Priority 1 4.40 kg 2.99 0.00 2.99,2025-10-08
394032224916,08/10/2025,2.99,394032224916 08/10/2025 FedEx Priority 1 10.70 kg 2.99 0.00 2.99,2025-10-08
394032244219,08/10/2025,2.99,394032244219 08/10/2025 FedEx Priority 1 1.80 kg 2.99 0.00 2.99,2025-10-08
394032269646,08/10/2025,2.99,394032269646 08/10/2025 FedEx Priority 1 4.20 kg 2.99 0.00 2.99,2025-10-08
394032299498,08/10/2025,2.99,394032299498 08/10/2025 FedEx Priority 1 8.40 kg 2.99 0.00 2.99,2025-10-08
394033574499,08/10/2025,2.99,394033574499 08/10/2025 FedEx Priority 1 3.10 kg 2.99 0.00 2.99,2025-10-08
394033594251,08/10/2025,2.99,394033594251 08/10/2025 FedEx Priority Cop1 6.20y kg 2.99 0.00 2.99,2025-10-08
394033610928,08/10/2025,2.99,394033610928 08/10/2025 FedEx Priority 1 1.00 kg 2.99 0.00 2.99,2025-10-08
394033625806,08/10/2025,2.99,394033625806 08/10/2025 FedEx Priority 1 6.60 kg 2.99 0.00 2.99,2025-10-08
394033645429,08/10/2025,2.99,394033645429 08/10/2025 FedEx Priority 1 6.30 kg 2.99 0.00 2.99,2025-10-08
394033661182,08/10/2025,2.99,394033661182 08/10/2025 FedEx Priority 1 1.50 kg 2.99 0.00 2.99,2025-10-08
394033684183,08/10/2025,2.99,394033684183 08/10/2025 FedEx Priority 1 6.80 kg 2.99 0.00 2.99,2025-10-08
394033701455,08/10/2025,2.99,394033701455 08/10/2025 FedEx Priority 1 3.50 kg 2.99 0.00 2.99,2025-10-08
394033717580,08/10/2025,2.99,394033717580 08/10/2025 FedEx Priority 1 2.70 kg 2.99 0.00 2.99,2025-10-08
394034344328,08/10/2025,2.99,394034344328 08/10/2025 FedEx Priority 1 1.10 kg 2.99 0.00 2.99,2025-10-08
394034367693,08/10/2025,2.99,394034367693 08/10/2025 FedEx Priority 1 1.00 kg 2.99 0.00 2.99,2025-10-08
394034388338,08/10/2025,2.99,394034388338 08/10/2025 FedEx Priority 1 3.70 kg 2.99 0.00 2.99,2025-10-08
394034414501,08/10/2025,2.99,394034414501 08/10/2025 FedEx Priority 1 1.00 kg 2.99 0.00 2.99,2025-10-08
394034431000,08/10/2025,2.99,394034431000 08/10/2025 FedEx Priority 1 1.00 kg 2.99 0.00 2.99,2025-10-08
394034450716,08/10/2025,2.99,394034450716 08/10/2025 FedEx Priority 1 4.50 kg 2.99 0.00 2.99,2025-10-08
394034470361,08/10/2025,2.99,394034470361 08/10/2025 FedEx Priority 1 4.10 kg 2.99 0.00 2.99,2025-10-08
394035250831,08/10/2025,2.99,394035250831 08/10/2025 FedEx Priority 1 9.60 kg 2.99 0.00 2.99,2025-10-08
394036605137,08/10/2025,2.99,394036605137 08/10/2025 FedEx Priority 1 6.80 kg 2.99 0.00 2.99,2025-10-08
394036626396,08/10/2025,2.99,394036626396 08/10/2025 FedEx Priority 1 1.30 kg 2.99 0.00 2.99,2025-10-08
394036648346,08/10/2025,2.99,394036648346 08/10/2025 FedEx Priority 1 3.20 kg 2.99 0.00 2.99,2025-10-08
394036667087,08/10/2025,2.99,394036667087 08/10/2025 FedEx Priority 1 6.30 kg 2.99 0.00 2.99,2025-10-08
394038470779,08/10/2025,2.99,394038470779 08/10/2025 FedEx Priority 1 2.00 kg 2.99 0.00 2.99,2025-10-08
394038507265,08/10/2025,2.99,394038507265 08/10/2025 FedEx Priority 1 4.90 kg 2.99 0.00 2.99,2025-10-08
394038546034,08/10/2025,2.99,394038546034 08/10/2025 FedEx Priority 1 7.80 kg 2.99 0.00 2.99,2025-10-08
394038587505,08/10/2025,2.99,394038587505 08/10/2025 FedEx Priority 1 6.30 kg 2.99 0.00 2.99,2025-10-08
394043140056,08/10/2025,2.99,394043140056 08/10/2025 FedEx Priority 1 8.20 kg 2.99 0.00 2.99,2025-10-08
394043168405,08/10/2025,2.99,394043168405 08/10/2025 FedEx Priority 1 5.00 kg 2.99 0.00 2.99,2025-10-08
394043183806,08/10/2025,2.99,394043183806 08/10/2025 FedEx Priority 1 2.50 kg 2.99 0.00 2.99,2025-10-08
394043277620,08/10/2025,2.99,394043277620 08/10/2025 FedEx Priority 1 7.10 kg 2.99 0.00 2.99,2025-10-08
394043300415,08/10/2025,2.99,394043300415 08/10/2025 FedEx Priority 1 2.10 kg 2.99 0.00 2.99,2025-10-08
394043389464,08/10/2025,2.99,394043389464 08/10/2025 FedEx Priority 1 2.00 kg 2.99 0.00 2.99,2025-10-08
394043412742,08/10/2025,2.99,394043412742 08/10/2025 FedEx Priority 1 1.90 kg 2.99 0.00 2.99,2025-10-08
394043431082,08/10/2025,2.99,394043431082 08/10/2025 FedEx Priority 1 6.50 kg 2.99 0.00 2.99,2025-10-08
394043452150,08/10/2025,2.99,394043452150 08/10/2025 FedEx Priority 1 2.10 kg 2.99 0.00 2.99,2025-10-08
394043477810,08/10/2025,2.99,394043477810 08/10/2025 FedEx Priority 1 1.60 kg 2.99 0.00 2.99,2025-10-08
394043497318,08/10/2025,2.99,394043497318 08/10/2025 FedEx Priority 1 1.50 kg 2.99 0.00 2.99,2025-10-08
394043521577,08/10/2025,2.99,394043521577 08/10/2025 FedEx Priority 1 2.00 kg 2.99 0.00 2.99,2025-10-08
394043551536,08/10/2025,2.99,394043551536 08/10/2025 FedEx Priority 1 1.00 kg 2.99 0.00 2.99,2025-10-08
394043568759,08/10/2025,2.99,394043568759 08/10/2025 FedEx Priority 1 2.70 kg 2.99 0.00 2.99,2025-10-08
394043597012,08/10/2025,2.99,394043597012 08/10/2025 FedEx Priority 1 1.30 kg 2.99 0.00 2.99,2025-10-08
394043624112,08/10/2025,2.99,394043624112 08/10/2025 FedEx Priority 1 2.00 kg 2.99 0.00 2.99,2025-10-08
394043655420,08/10/2025,2.99,394043655420 08/10/2025 FedEx Priority 1 1.80 kg 2.99 0.00 2.99,2025-10-08
394043684828,08/10/2025,2.99,394043684828 08/10/2025 FedEx Priority 1 2.00 kg 2.99 0.00 2.99,2025-10-08
394043703920,08/10/2025,2.99,394043703920 08/10/2025 FedEx Priority 1 1.00 kg 2.99 0.00 2.99,2025-10-08
394045630853,08/10/2025,2.99,394045630853 08/10/2025 FedEx Priority 1 1.20 kg 2.99 0.00 2.99,2025-10-08
394045652788,08/10/2025,2.99,394045652788 08/10/2025 FedEx Priority 1 1.00 kg 2.99 0.00 2.99,2025-10-08
394045668835,08/10/2025,2.99,394045668835 08/10/2025 FedEx Priority 1 1.00 kg 2.99 0.00 2.99,2025-10-08
394045686710,08/10/2025,2.99,394045686710 08/10/2025 FedEx Priority 1 6.90 kg 2.99 0.00 2.99,2025-10-08
394045922875,08/10/2025,2.99,394045922875 08/10/2025 FedEx Priority 1 2.50 kg 2.99 0.00 2.99,2025-10-08
394046665247,08/10/2025,2.99,394046665247 08/10/2025 FedEx Priority 1 2.20 kg 2.99 0.00 2.99,2025-10-08
394046681004,08/10/2025,2.99,394046681004 08/10/2025 FedEx Priority 1 1.90 kg 2.99 0.00 2.99,2025-10-08
394046699267,08/10/2025,2.99,394046699267 08/10/2025 FedEx Priority 1 1.10 kg 2.99 0.00 2.99,2025-10-08
394077470099,09/10/2025,5.98,394077470099 09/10/2025 FedEx Priority 2 2.00 kg 5.98 0.00 5.98,2025-10-09
394077475860,09/10/2025,2.99,394077475860 09/10/2025 FedEx Priority 1 1.00 kg 2.99 0.00 2.99,2025-10-09
394077483033,09/10/2025,2.99,394077483033 09/10/2025 FedEx Priority 1 1.70 kg 2.99 0.00 2.99,2025-10-09
394077488642,09/10/2025,2.99,394077488642 09/10/2025 FedEx Priority 1 1.00 kg 2.99 0.00 2.99,2025-10-09
394077535983,09/10/2025,2.99,394077535983 09/10/2025 FedEx Priority 1 1.70 kg 2.99 0.00 2.99,2025-10-09
394077543731,09/10/2025,2.99,394077543731 09/10/2025 FedEx Priority 1 1.00 kg 2.99 0.00 2.99,2025-10-09
394077546145,09/10/2025,2.99,394077546145 09/10/2025 FedEx Priority 1 5.20 kg 2.99 0.00 2.99,2025-10-09
394077574270,09/10/2025,2.99,394077574270 09/10/2025 FedEx Priority 1 4.00 kg 2.99 0.00 2.99,2025-10-09
394077577946,09/10/2025,2.99,394077577946 09/10/2025 FedEx Priority 1 1.00 kg 2.99 0.00 2.99,2025-10-09
394077595794,09/10/2025,2.99,394077595794 09/10/2025 FedEx Priority 1 5.30 kg 2.99 0.00 2.99,2025-10-09
394077600190,09/10/2025,2.99,394077600190 09/10/2025 FedEx Priority 1 1.20 kg 2.99 0.00 2.99,2025-10-09
394077611967,09/10/2025,2.99,394077611967 09/10/2025 FedEx Priority 1 1.60 kg 2.99 0.00 2.99,2025-10-09
394077691482,09/10/2025,2.99,394077691482 09/10/2025 FedEx Priority 1 17.40 kg 2.99 0.00 2.99,2025-10-09
394077696278,09/10/2025,2.99,394077696278 09/10/2025 FedEx Priority 1 17.00 kg 2.99 0.00 2.99,2025-10-09
394077702082,09/10/2025,2.99,394077702082 09/10/2025 FedEx Priority 1 17.00 kg 2.99 0.00 2.99,2025-10-09
394077703354,09/10/2025,2.99,394077703354 09/10/2025 FedEx Priority 1 17.40 kg 2.99 0.00 2.99,2025-10-09
394077710985,09/10/2025,2.99,394077710985 09/10/2025 FedEx Priority 1 17.40 kg 2.99 0.00 2.99,2025-10-09
394077716284,09/10/2025,2.99,394077716284 09/10/2025 FedEx Priority 1 8.20 kg 2.99 0.00 2.99,2025-10-09
394077775684,09/10/2025,2.99,394077775684 09/10/2025 FedEx Priority 1 17.40 kg 2.99 0.00 2.99,2025-10-09
394077786990,09/10/2025,2.99,394077786990 09/10/2025 FedEx Priority 1 17.40 kg 2.99 0.00 2.99,2025-10-09
394077795105,09/10/2025,2.99,394077795105 09/10/2025 FedEx Priority 1 20.10 kg 2.99 0.00 2.99,2025-10-09
394077799626,09/10/2025,2.99,394077799626 09/10/2025 FedEx Priority 1 17.00 kg 2.99 0.00 2.99,2025-10-09
394080698255,09/10/2025,2.99,394080698255 09/10/2025 FedEx Priority 1 2.00 kg 2.99 0.00 2.99,2025-10-09
394085055762,09/10/2025,2.99,394085055762 09/10/2025 FedEx Priority 1 1.00 kg 2.99 0.00 2.99,2025-10-09
394085060305,09/10/2025,2.99,394085060305 09/10/2025 FedEx Priority 1 2.30 kg 2.99 0.00 2.99,2025-10-09
394085068924,09/10/2025,2.99,394085068924 09/10/2025 FedEx Priority 1 1.30 kg 2.99 0.00 2.99,2025-10-09
394085074426,09/10/2025,2.99,394085074426 09/10/2025 FedEx Priority 1 17.70 kg 2.99 0.00 2.99,2025-10-09
394085305332,09/10/2025,2.99,394085305332 09/10/2025 FedEx Priority 1 2.90 kg 2.99 0.00 2.99,2025-10-09
394085310055,09/10/2025,2.99,394085310055 09/10/2025 FedEx Priority 1 1.00 kg 2.99 0.00 2.99,2025-10-09
394086049693,09/10/2025,2.99,394086049693 09/10/2025 FedEx Priority 1 7.70 kg 2.99 0.00 2.99,2025-10-09
394086086459,09/10/2025,2.99,394086086459 09/10/2025 FedEx Priority 1 1.80 kg 2.99 0.00 2.99,2025-10-09
394086122690,09/10/2025,2.99,394086122690 09/10/2025 FedEx Priority 1 4.20 kg 2.99 0.00 2.99,2025-10-09
394086881378,09/10/2025,2.99,394086881378 09/10/2025 FedEx Priority 1 3.40 kg 2.99 0.00 2.99,2025-10-09
394086900447,09/10/2025,2.99,394086900447 09/10/2025 FedEx Priority 1 6.20 kg 2.99 0.00 2.99,2025-10-09
394086930483,09/10/2025,2.99,394086930483 09/10/2025 FedEx Priority 1 2.40 kg 2.99 0.00 2.99,2025-10-09
394086940175,09/10/2025,2.99,394086940175 09/10/2025 FedEx Priority 1 5.20 kg 2.99 0.00 2.99,2025-10-09
394086964460,09/10/2025,2.99,394086964460 09/10/2025 FedEx Priority 1 4.30 kg 2.99 0.00 2.99,2025-10-09
394086984130,09/10/2025,2.99,394086984130 09/10/2025 FedEx Priority 1 2.30 kg 2.99 0.00 2.99,2025-10-09
394087005808,09/10/2025,2.99,394087005808 09/10/2025 FedEx Priority Cop1 4.60y kg 2.99 0.00 2.99,2025-10-09
394087020017,09/10/2025,2.99,394087020017 09/10/2025 FedEx Priority 1 4.00 kg 2.99 0.00 2.99,2025-10-09
394087042044,09/10/2025,2.99,394087042044 09/10/2025 FedEx Priority 1 1.70 kg 2.99 0.00 2.99,2025-10-09
394087679909,09/10/2025,2.99,394087679909 09/10/2025 FedEx Priority 1 1.10 kg 2.99 0.00 2.99,2025-10-09
394087696187,09/10/2025,2.99,394087696187 09/10/2025 FedEx Priority 1 2.60 kg 2.99 0.00 2.99,2025-10-09
394087713231,09/10/2025,2.99,394087713231 09/10/2025 FedEx Priority 1 1.00 kg 2.99 0.00 2.99,2025-10-09
394087725923,09/10/2025,2.99,394087725923 09/10/2025 FedEx Priority 1 1.80 kg 2.99 0.00 2.99,2025-10-09
394087742628,09/10/2025,2.99,394087742628 09/10/2025 FedEx Priority 1 5.70 kg 2.99 0.00 2.99,2025-10-09
394087759406,09/10/2025,2.99,394087759406 09/10/2025 FedEx Priority 1 2.60 kg 2.99 0.00 2.99,2025-10-09
394087774759,09/10/2025,2.99,394087774759 09/10/2025 FedEx Priority 1 2.00 kg 2.99 0.00 2.99,2025-10-09
394087792313,09/10/2025,2.99,394087792313 09/10/2025 FedEx Priority 1 1.30 kg 2.99 0.00 2.99,2025-10-09
394087811448,09/10/2025,2.99,394087811448 09/10/2025 FedEx Priority 1 1.40 kg 2.99 0.00 2.99,2025-10-09
394087829597,09/10/2025,2.99,394087829597 09/10/2025 FedEx Priority Cop1 1.00y kg 2.99 0.00 2.99,2025-10-09
394089794076,09/10/2025,2.99,394089794076 09/10/2025 FedEx Priority 1 3.60 kg 2.99 0.00 2.99,2025-10-09
394089824326,09/10/2025,2.99,394089824326 09/10/2025 FedEx Priority 1 3.60 kg 2.99 0.00 2.99,2025-10-09
394089871733,09/10/2025,2.99,394089871733 09/10/2025 FedEx Priority 1 1.80 kg 2.99 0.00 2.99,2025-10-09
394090204479,09/10/2025,2.99,394090204479 09/10/2025 FedEx Priority 1 5.60 kg 2.99 0.00 2.99,2025-10-09
394122206069,10/10/2025,2.99,394122206069 10/10/2025 FedEx Priority 1 2.10 kg 2.99 0.00 2.99,2025-10-10
394122212112,10/10/2025,2.99,394122212112 10/10/2025 FedEx Priority 1 2.10 kg 2.99 0.00 2.99,2025-10-10
394122244335,10/10/2025,2.99,394122244335 10/10/2025 FedEx Priority 1 4.70 kg 2.99 0.00 2.99,2025-10-10
394122257070,10/10/2025,2.99,394122257070 10/10/2025 FedEx Priority 1 4.10 kg 2.99 0.00 2.99,2025-10-10
394122308580,10/10/2025,2.99,394122308580 10/10/2025 FedEx Priority 1 1.70 kg 2.99 0.00 2.99,2025-10-10
394122327894,10/10/2025,2.99,394122327894 10/10/2025 FedEx Priority 1 3.50 kg 2.99 0.00 2.99,2025-10-10
394122340376,10/10/2025,2.99,394122340376 10/10/2025 FedEx Priority 1 8.20 kg 2.99 0.00 2.99,2025-10-10
394122354166,10/10/2025,2.99,394122354166 10/10/2025 FedEx Priority Cop1 2.10y kg 2.99 0.00 2.99,2025-10-10
394122363848,10/10/2025,2.99,394122363848 10/10/2025 FedEx Priority 1 1.40 kg 2.99 0.00 2.99,2025-10-10
394122385279,10/10/2025,2.99,394122385279 10/10/2025 FedEx Priority 1 1.20 kg 2.99 0.00 2.99,2025-10-10
394122401280,10/10/2025,2.99,394122401280 10/10/2025 FedEx Priority 1 4.60 kg 2.99 0.00 2.99,2025-10-10
394122414393,10/10/2025,2.99,394122414393 10/10/2025 FedEx Priority 1 2.00 kg 2.99 0.00 2.99,2025-10-10
394122425200,10/10/2025,2.99,394122425200 10/10/2025 FedEx Priority 1 4.50 kg 2.99 0.00 2.99,2025-10-10
394122454055,10/10/2025,2.99,394122454055 10/10/2025 FedEx Priority 1 3.20 kg 2.99 0.00 2.99,2025-10-10
394122457775,10/10/2025,2.99,394122457775 10/10/2025 FedEx Priority 1 1.80 kg 2.99 0.00 2.99,2025-10-10
394122482401,10/10/2025,2.99,394122482401 10/10/2025 FedEx Priority 1 4.20 kg 2.99 0.00 2.99,2025-10-10
394122510438,10/10/2025,2.99,394122510438 10/10/2025 FedEx Priority 1 1.00 kg 2.99 0.00 2.99,2025-10-10
394122522008,10/10/2025,2.99,394122522008 10/10/2025 FedEx Priority 1 16.70 kg 2.99 0.00 2.99,2025-10-10
394122527374,10/10/2025,2.99,394122527374 10/10/2025 FedEx Priority 1 10.00 kg 2.99 0.00 2.99,2025-10-10
394122527970,10/10/2025,2.99,394122527970 10/10/2025 FedEx Priority 1 17.00 kg 2.99 0.00 2.99,2025-10-10
394124773923,10/10/2025,2.99,394124773923 10/10/2025 FedEx Priority 1 5.10 kg 2.99 0.00 2.99,2025-10-10
394124797276,10/10/2025,2.99,394124797276 10/10/2025 FedEx Priority 1 1.70 kg 2.99 0.00 2.99,2025-10-10
394124802040,10/10/2025,2.99,394124802040 10/10/2025 FedEx Priority 1 1.00 kg 2.99 0.00 2.99,2025-10-10
394124831621,10/10/2025,2.99,394124831621 10/10/2025 FedEx Priority 1 2.60 kg 2.99 0.00 2.99,2025-10-10
394124862778,10/10/2025,2.99,394124862778 10/10/2025 FedEx Priority 1 2.30 kg 2.99 0.00 2.99,2025-10-10
394124866339,10/10/2025,2.99,394124866339 10/10/2025 FedEx Priority 1 5.70 kg 2.99 0.00 2.99,2025-10-10
394125548419,10/10/2025,2.99,394125548419 10/10/2025 FedEx Priority 1 2.40 kg 2.99 0.00 2.99,2025-10-10
394125559986,10/10/2025,2.99,394125559986 10/10/2025 FedEx Priority 1 2.10 kg 2.99 0.00 2.99,2025-10-10
394125568649,10/10/2025,2.99,394125568649 10/10/2025 FedEx Priority 1 3.20 kg 2.99 0.00 2.99,2025-10-10
394125583671,10/10/2025,2.99,394125583671 10/10/2025 FedEx Priority 1 5.60 kg 2.99 0.00 2.99,2025-10-10
394125588960,10/10/2025,2.99,394125588960 10/10/2025 FedEx Priority 1 1.30 kg 2.99 0.00 2.99,2025-10-10
394125594484,10/10/2025,2.99,394125594484 10/10/2025 FedEx Priority 1 8.50 kg 2.99 0.00 2.99,2025-10-10
394125599545,10/10/2025,2.99,394125599545 10/10/2025 FedEx Priority Cop1 1.10y kg 2.99 0.00 2.99,2025-10-10
394125634194,10/10/2025,2.99,394125634194 10/10/2025 FedEx Priority 1 1.80 kg 2.99 0.00 2.99,2025-10-10
394125687978,10/10/2025,2.99,394125687978 10/10/2025 FedEx Priority 1 1.80 kg 2.99 0.00 2.99,2025-10-10
394127182060,10/10/2025,2.99,394127182060 10/10/2025 FedEx Priority 1 1.70 kg 2.99 0.00 2.99,2025-10-10
394127194990,10/10/2025,2.99,394127194990 10/10/2025 FedEx Priority 1 4.00 kg 2.99 0.00 2.99,2025-10-10
394127204790,10/10/2025,2.99,394127204790 10/10/2025 FedEx Priority 1 2.40 kg 2.99 0.00 2.99,2025-10-10
394127244852,10/10/2025,2.99,394127244852 10/10/2025 FedEx Priority 1 1.00 kg 2.99 0.00 2.99,2025-10-10
394127260230,10/10/2025,2.99,394127260230 10/10/2025 FedEx Priority 1 3.80 kg 2.99 0.00 2.99,2025-10-10
394127269146,10/10/2025,2.99,394127269146 10/10/2025 FedEx Priority 1 4.40 kg 2.99 0.00 2.99,2025-10-10
394127325849,10/10/2025,2.99,394127325849 10/10/2025 FedEx Priority 1 8.50 kg 2.99 0.00 2.99,2025-10-10
394127458074,10/10/2025,2.99,394127458074 10/10/2025 FedEx Priority 1 7.50 kg 2.99 0.00 2.99,2025-10-10
394127472906,10/10/2025,2.99,394127472906 10/10/2025 FedEx Priority 1 2.00 kg 2.99 0.00 2.99,2025-10-10
394127489198,10/10/2025,2.99,394127489198 10/10/2025 FedEx Priority 1 11.10 kg 2.99 0.00 2.99,2025-10-10
394127527115,10/10/2025,2.99,394127527115 10/10/2025 FedEx Priority 1 1.00 kg 2.99 0.00 2.99,2025-10-10
394127543166,10/10/2025,2.99,394127543166 10/10/2025 FedEx Priority 1 1.70 kg 2.99 0.00 2.99,2025-10-10
394127571578,10/10/2025,2.99,394127571578 10/10/2025 FedEx Priority 1 5.60 kg 2.99 0.00 2.99,2025-10-10
394127592429,10/10/2025,2.99,394127592429 10/10/2025 FedEx Priority 1 1.40 kg 2.99 0.00 2.99,2025-10-10
394127613556,10/10/2025,2.99,394127613556 10/10/2025 FedEx Priority 1 6.10 kg 2.99 0.00 2.99,2025-10-10
394127628721,10/10/2025,2.99,394127628721 10/10/2025 FedEx Priority 1 1.30 kg 2.99 0.00 2.99,2025-10-10
394127665910,10/10/2025,2.99,394127665910 10/10/2025 FedEx Priority 1 1.70 kg 2.99 0.00 2.99,2025-10-10
394127702025,10/10/2025,2.99,394127702025 10/10/2025 FedEx Priority 1 1.60 kg 2.99 0.00 2.99,2025-10-10
394127707715,10/10/2025,2.99,394127707715 10/10/2025 FedEx Priority 1 1.90 kg 2.99 0.00 2.99,2025-10-10
394127840463,10/10/2025,2.99,394127840463 10/10/2025 FedEx Priority 1 1.00 kg 2.99 0.00 2.99,2025-10-10
394130145668,10/10/2025,2.99,394130145668 10/10/2025 FedEx Priority 1 1.80 kg 2.99 0.00 2.99,2025-10-10
394130151207,10/10/2025,2.99,394130151207 10/10/2025 FedEx Priority 1 1.00 kg 2.99 0.00 2.99,2025-10-10
394130154158,10/10/2025,2.99,394130154158 10/10/2025 FedEx Priority 1 1.00 kg 2.99 0.00 2.99,2025-10-10
394130167570,10/10/2025,5.98,394130167570 10/10/2025 FedEx Priority 2 4.60 kg 5.98 0.00 5.98,2025-10-10
394130446478,10/10/2025,2.99,394130446478 10/10/2025 FedEx Priority 1 1.00 kg 2.99 0.00 2.99,2025-10-10
394130991897,10/10/2025,2.99,394130991897 10/10/2025 FedEx Priority 1 8.30 kg 2.99 0.00 2.99,2025-10-10
394131009192,10/10/2025,2.99,394131009192 10/10/2025 FedEx Priority 1 2.90 kg 2.99 0.00 2.99,2025-10-10
394131032400,10/10/2025,2.99,394131032400 10/10/2025 FedEx Priority 1 1.90 kg 2.99 0.00 2.99,2025-10-10
394131528662,10/10/2025,2.99,394131528662 10/10/2025 FedEx Priority 1 4.80 kg 2.99 0.00 2.99,2025-10-10
